artist_name,main_genre
mukesh,pop
frankie laine,pop
johnnie ray,pop
pérez prado,pop
giorgos papadopoulos,pop
perry como,pop
freestyle,pop
johnny mathis,pop
stélios kazantzídis,pop
liva weel,pop
the chordettes,pop
ghantasala,pop
les paul,pop
asha bhosle,pop
mohammed rafi,pop
lata mangeshkar,pop
t. m. soundararajan,pop
talat mahmood,pop
andy williams,pop
sven-bertil taube,pop
bobby vinton,pop
los hermanos arriagada,pop
the drifters,pop
harry belafonte,pop
a. m. rajah,pop
jonah jones,pop
bill haley & his comets,pop
ted heath,pop
the platters,pop
pete yorn,pop
the clovers,pop
jerry vale,pop
lavern baker,pop
groovie ghoulies,pop
ricky nelson,pop
billy vaughn,pop
eddie cochran,pop
jimmie rodgers,pop
the keynotes,pop
pradeep kumar,pop
esquivel!,pop
張露,pop
maria koterbska,pop
bobby darin,pop
the everly brothers,pop
buddy holly,pop
jackie wilson,pop
frankie lymon,pop
mantovani,pop
jerry lee lewis,rock
neil sedaka,pop
cliff richard & the shadows,pop
shirley bassey,pop
lloyd price,pop
tony dallara,pop
rania,pop
ira ironstrings,pop
brenda lee,pop
connie francis,pop
the brothers four,pop
the flamingos,pop
ritchie valens,pop
dion & the belmonts,pop
the byrds,rock
simon & garfunkel,folk
fats domino,pop
"blood, sweat & tears",rock
sam cooke,rnb
miriam makeba,pop
patti page,pop
brook benton,pop
the moody blues,rock
ike & tina turner,rnb
si zentner,pop
frankie avalon,pop
eden ahbez,pop
bobby vee,pop
joan baez,pop
johnny burnette,pop
chubby checker,pop
the shirelles,pop
brian hyland,pop
ben e. king,pop
judy collins,pop
the miracles,rnb
del shannon,pop
little richard,rock
sue thompson,rock
najat al saghira,rock
roy orbison,rock
the marvelettes,pop
mary wells,rnb
steve lawrence,pop
dee clark,pop
dion,pop
jerry butler,pop
shelley fabares,pop
the lettermen,pop
the supremes,pop
timi yuro,pop
little eva,pop
pat boone,pop
johnny tillotson,pop
dee dee sharp,pop
cliff richard,pop
the orlons,pop
gene chandler,rnb
chris montez,pop
glen campbell,pop
georgie fame,pop
bob dylan,pop
smokey robinson & the miracles,rnb
"peter, paul and mary",pop
jay & the americans,pop
billy joe royal,pop
the impressions,pop
the beach boys,pop
lesley gore,pop
vince guaraldi,pop
robin ward,pop
the shadows,pop
barbara lewis,pop
the crystals,pop
the tymes,pop
the searchers,pop
martha reeves & the vandellas,pop
the cascades,pop
frankie valli & the four seasons,pop
lou christie,pop
the ronettes,pop
darlene love,pop
trini lopez,pop
kai winding,pop
al martino,pop
manfred mann,rock
little anthony & the imperials,pop
dionne warwick,pop
jan & dean,pop
the dixie cups,pop
the dave clark five,pop
dusty springfield,pop
monica zetterlund,pop
wayne fontana & the mindbenders,pop
al hirt,pop
donovan,pop
? & the mysterians,rock
four tops,pop
sonny & cher,pop
cher,pop
paul simon,pop
chad & jeremy,pop
the righteous brothers,pop
skeeter davis,pop
wilson pickett,rnb
gary lewis & the playboys,pop
the zombies,pop
jr. walker & the all stars,rnb
them,pop
dorothy ashby,pop
the turtles,pop
the knickerbockers,pop
the walker brothers,pop
the easybeats,pop
the lovin' spoonful,rock
john farnham,rock
fontella bass,pop
the monkees,pop
nancy sinatra,pop
the seeds,pop
the spencer davis group,pop
percy sledge,rnb
lee hazlewood,pop
love,hip hop
gene pitney,pop
the happenings,pop
paul revere & the raiders,pop
herman's hermits,pop
the sandpipers,pop
paul anka,pop
tim buckley,pop
the mamas & the papas,pop
"dave dee, dozy, beaky, mick & tich",pop
walter wanderley,pop
crispian st. peters,pop
van dyke parks,pop
the tremeloes,pop
the young rascals,pop
the box tops,pop
harpers bizarre,pop
procol harum,rock
the association,pop
tommy james & the shondells,rock
gene clark,rock
the royal guardsmen,rock
the cowsills,pop
sonny bono,pop
johnny rivers,pop
engelbert humperdinck,pop
strawberry alarm clock,pop
burt bacharach,pop
the sweet inspirations,rnb
the buckinghams,pop
the hollies,pop
gladys knight & the pips,pop
nico,pop
the electric prunes,pop
margo guryan,pop
josé feliciano,pop
carole king,pop
neil diamond,pop
the foundations,pop
harry nilsson,pop
joni mitchell,pop
gary puckett & the union gap,pop
van morrison,pop
mandy moore,pop
mary hopkin,pop
céline dion,pop
love affair,pop
the rascals,pop
the cats,pop
laura nyro,pop
the millennium,pop
the archies,pop
scott walker,pop
tommy boyce,pop
joe south,pop
the lemon pipers,pop
ohio express,pop
jackie deshannon,pop
melanie,pop
classics iv,pop
fairport convention,rock
karen dalton,folk
three dog night,rock
free,pop
bread,pop
boz scaggs,rock
jimmy ruffin,rnb
the flying burrito brothers,pop
marmalade,pop
tony joe white,pop
nick drake,pop
leonard cohen,pop
poco,rock
triste janero,rock
ringo starr,rock
badfinger,rock
the partridge family,rock
the move,reggae
wishbone ash,rock
john cale,pop
faces,rock
vanity fare,pop
todd rundgren,rock
michael nesmith,folk
bobby bloom,folk
mark lindsay,folk
alive 'n kickin',folk
dave edmunds,rock
electric light orchestra,rock
can,pop
wings,rock
status quo,rock
flamin' groovies,rock
the youngbloods,rock
bonnie raitt,pop
lindisfarne,pop
colin blunstone,pop
paul davis,pop
sparks,pop
the fortunes,pop
gerry rafferty,pop
argent,rock
glenn lewis,pop
gilbert o'sullivan,pop
tommy james,rock
carly simon,rock
"hamilton, joe frank & reynolds",rock
labi siffre,rnb
donny osmond,pop
john martyn,folk
santo & johnny,folk
townes van zandt,folk
yoko ono,folk
helen reddy,pop
the j. geils band,rock
michael jackson,rnb
stealers wheel,pop
odyssey,pop
john prine,pop
albert hammond,rock
dr. hook,rock
roxy music,pop
the 5th dimension,pop
pete townshend,rock
mott the hoople,rock
seals and crofts,rock
raspberries,pop
bette midler,pop
big star,pop
the brady bunch,pop
10cc,rock
the diamonds,rock
orleans,rock
abba,pop
slade,rock
brian eno,pop
barry manilow,pop
david gates,pop
strawbs,folk
new york dolls,punk
tony orlando & dawn,pop
jackson browne,rock
suzi quatro,rock
the modern lovers,rock
anne murray,pop
kansas,rock
the crickets,rock
kishore kumar,pop
sweet,pop
robert palmer,pop
bay city rollers,pop
bryan ferry,pop
david cassidy,pop
ace,hip hop
richard thompson,pop
billy swan,pop
the osmonds,pop
jim stafford,pop
julio iglesias,pop
freddy fender,pop
janis ian,pop
lobo,pop
al stewart,rock
ambrosia,rock
frankie valli,pop
emmylou harris,pop
patti smith,pop
the tubes,pop
indigo girls,pop
captain & tennille,pop
david essex,pop
little river band,rock
heart,rock
steve harley,rock
eric carmen,pop
chris de burgh,pop
olivia newton-john,pop
firefall,pop
randy crawford,pop
pussycat,pop
leo sayer,pop
donna summer,pop
joan armatrading,pop
andrew gold,pop
climax blues band,pop
the babys,pop
stephen bishop,pop
penguin cafe orchestra,pop
graham parker & the rumour,rock
blondie,pop
kenny nolan,pop
tom petty and the heartbreakers,rock
smokie,pop
suicide,pop
elvis costello,pop
cheap trick,rock
peter gabriel,rock
elkie brooks,rock
nana mouskouri,pop
the jam,rock
eddie money,rock
kenny loggins,rock
pablo cruise,rock
grace jones,pop
bob welch,rock
shaun cassidy,rock
rita coolidge,pop
the stranglers,pop
andy gibb,pop
wire,pop
the boys,pop
siouxsie and the banshees,pop
kate bush,pop
xtc,pop
public image ltd.,pop
s. p. balasubrahmanyam,pop
yellow magic orchestra,pop
hot chocolate,pop
nick lowe,pop
the cars,pop
melissa manchester,pop
bonnie tyler,pop
chaka khan,pop
the korgis,pop
elvis costello & the attractions,pop
jona lewie,pop
chris rea,pop
the motors,pop
gary numan,pop
the knack,pop
john mellencamp,pop
gang of four,pop
christopher cross,pop
marianne faithfull,pop
mental as anything,pop
joe jackson,pop
ian hunter,rock
rickie lee jones,pop
squeeze,pop
the dickies,punk
tubeway army,pop
sister sledge,pop
the monochrome set,pop
the boomtown rats,pop
the b-52's,pop
the undertones,pop
graham parker,pop
madonna,pop
pat benatar,rock
the raincoats,punk
orchestral manoeuvres in the dark,pop
wipers,punk
the sound,pop
the teardrop explodes,pop
the buggles,pop
the psychedelic furs,pop
irene cara,pop
echo & the bunnymen,pop
the feelies,pop
x,pop
japan,pop
stiv bators,pop
cold chisel,pop
dexys midnight runners,pop
ultravox,pop
rockpile,rock
the soft boys,pop
steve winwood,pop
visage,pop
pretenders,pop
bow wow wow,hip hop
george lam,pop
the go-go's,hip hop
the human league,pop
oingo boingo,pop
simple minds,pop
rick springfield,pop
tom tom club,pop
juan gabriel,pop
duran duran,pop
loverboy,rock
new order,pop
bryan adams,pop
altered images,pop
the db's,pop
mission of burma,pop
mondo rock,pop
the durutti column,pop
suburban lawns,pop
soft cell,pop
men at work,pop
the pointer sisters,pop
peter cetera,pop
girls at our best!,pop
a flock of seagulls,pop
'til tuesday,pop
josé josé,pop
sheena easton,pop
quarterflash,pop
spandau ballet,pop
sonic youth,rock
the replacements,rock
bad religion,punk
don henley,rock
huey lewis & the news,rock
missing persons,pop
cocteau twins,pop
orange juice,pop
inxs,pop
heaven 17,pop
r.e.m.,pop
laurie anderson,pop
billy idol,pop
berlin,pop
makoto matsushita,pop
modern english,pop
fun boy three,pop
the cleaners from venus,pop
yaz,pop
social distortion,punk
frida,rock
descendents,punk
wall of voodoo,pop
abc,pop
haircut 100,pop
the vandals,pop
talk talk,pop
john waite,pop
the motels,pop
patty smyth,pop
culture club,pop
adam ant,pop
glenn frey,pop
naked eyes,pop
the the,pop
"""weird al"" yankovic",pop
the chameleons,pop
real life,pop
the waterboys,pop
eurythmics,pop
tears for fears,pop
cyndi lauper,pop
minutemen,pop
swans,pop
the fixx,pop
marine girls,pop
demis roussos,pop
agnetha fältskog,pop
china crisis,pop
masaki matsubara,pop
violent femmes,pop
the plimsouls,pop
the romantics,pop
the style council,pop
billy fury,pop
red rockers,pop
blancmange,pop
salma agha,pop
new edition,pop
gloria estefan,pop
the bangles,pop
hüsker dü,pop
gerry & the pacemakers,pop
lyres,rock
matt bianco,pop
billy ocean,pop
alphaville,pop
thompson twins,pop
laura branigan,pop
everything but the girl,pop
meat puppets,pop
mac davis,pop
alison moyet,pop
frankie goes to hollywood,pop
howard jones,pop
wham!,pop
limahl,pop
bronski beat,pop
dinosaur jr.,pop
the alarm,pop
propaganda,pop
tina turner,pop
a-ha,rock
scritti politti,pop
the jesus and mary chain,pop
the dream academy,pop
miami sound machine,pop
arcadia,pop
simply red,pop
suzanne vega,pop
lloyd cole and the commotions,pop
starship,pop
prefab sprout,pop
modern talking,pop
mike & the mechanics,pop
jane wiedlin,pop
big black,pop
whitney houston,pop
the outfield,pop
level 42,pop
midge ure,pop
feargal sharkey,pop
strawberry switchblade,pop
wang chung,pop
go west,pop
love and rockets,pop
crowded house,pop
babyface,pop
they might be giants,pop
salt-n-pepa,hip hop
janet jackson,pop
the smithereens,pop
arthur russell,pop
george michael,pop
book of love,pop
yanni,pop
bruce hornsby,rock
paul kelly,rock
billy bragg,folk
the housemartins,pop
bodeans,pop
the communards,pop
pet shop boys,pop
the skyliners,pop
erasure,pop
cutting crew,pop
the go-betweens,pop
the chills,pop
the marcels,pop
big country,pop
firehose,pop
the clean,pop
the del-vikings,pop
"10,000 maniacs",pop
sandra,pop
johnny clegg,pop
tiffany,pop
heavy d & the boyz,pop
ll cool j,hip hop
samantha fox,pop
nanci griffith,pop
dead or alive,pop
belinda carlisle,pop
tim hardin,pop
pixies,rock
guadalcanal diary,pop
big audio dynamite,pop
sinéad o'connor,pop
richard marx,pop
debbie gibson,pop
marshall crenshaw,pop
rick astley,pop
exposé,pop
hoodoo gurus,pop
living in a box,pop
julian cope,pop
the bats,pop
the proclaimers,pop
mc lyte,hip hop
edie brickell & new bohemians,pop
johnny hates jazz,pop
the sugarcubes,pop
kylie minogue,pop
my bloody valentine,pop
robert john,pop
paula abdul,pop
when in rome,pop
brian wilson,pop
yazz,pop
new kids on the block,pop
screeching weasel,punk
guy,punk
k.d. lang,pop
information society,pop
fine young cannibals,pop
galaxie 500,pop
dead moon,punk
melissa etheridge,pop
tracy chapman,pop
the primitives,pop
boy meets girl,pop
climie fisher,pop
the boo radleys,pop
roxette,pop
beat happening,pop
bobby brown,pop
cowboy junkies,pop
martika,pop
taylor dayne,pop
al b. sure!,pop
kim wilde,pop
swing out sister,pop
marc almond,pop
the offspring,punk
a.r. kane,pop
sarah mclachlan,pop
the seekers,pop
jody watley,pop
the blue nile,pop
shawn colvin,pop
julee cruise,pop
lenny kravitz,pop
the ocean blue,pop
enuff z'nuff,pop
the connells,pop
lisa stansfield,pop
jason donovan,pop
daniel johnston,pop
željko bebek,pop
tom petty,pop
alannah myles,pop
mariah carey,pop
jellyfish,pop
mazzy star,pop
helen shapiro,pop
the church,pop
hi-five,pop
the sundays,pop
a tribe called quest,hip hop
wilson phillips,pop
the breeders,rock
ice cube,hip hop
james,pop
the black crowes,rock
en vogue,pop
ricardo montaner,pop
matt monro,pop
ride,pop
the lemonheads,pop
the cleftones,pop
world party,pop
pennywise,punk
green day,punk
slowdive,pop
2pac,hip hop
live,pop
blur,pop
lucky dube,reggae
the cyrkle,pop
the field mice,pop
the smashing pumpkins,pop
alma cogan,pop
electronic,hip hop
toad the wet sprocket,pop
mint condition,pop
geto boys,hip hop
gang starr,hip hop
teenage fanclub,pop
blues traveler,pop
billy j. kramer,pop
tevin campbell,pop
boyz ii men,pop
jodeci,pop
crash test dummies,pop
naughty by nature,hip hop
school of fish,hip hop
tony! toni! toné!,pop
michael learns to rock,pop
nofx,punk
matthew sweet,pop
ned's atomic dustbin,pop
slint,pop
alberto vazquez,pop
frank ifield,pop
彭家麗,pop
dj quik,hip hop
throwing muses,pop
pale saints,pop
barenaked ladies,pop
saint etienne,pop
tori amos,pop
no doubt,pop
kapena,pop
pavement,pop
4 non blondes,pop
gin blossoms,pop
annie lennox,pop
m people,pop
phish,pop
stone temple pilots,pop
blind melon,pop
soul asylum,pop
buffalo tom,pop
brian mcknight,pop
yordano,pop
sugar,country
swv,pop
pepe aguilar,pop
tito rojas,pop
cracker,pop
catherine wheel,pop
babes in toyland ,pop
mary j. blige,pop
greg brown,pop
too $hort,hip hop
the elgins,rnb
the left banke,pop
tasmin archer,pop
chanté moore,pop
shakespears sister,pop
rick price,pop
the cranberries,pop
swirlies,pop
ace of base,pop
kim carnes,pop
sheryl crow,pop
snoop dogg,hip hop
faith hill,country
glass tiger,pop
björk,pop
queen latifah,hip hop
the queers,punk
xscape,pop
sebadoh,pop
rancid,pop
the fleetwoods,pop
jamiroquai,pop
the five satins,pop
big head todd and the monsters,pop
candlebox,pop
toni braxton,pop
betty everett,rnb
the tokens,pop
wu-tang clan,hip hop
seaweed,pop
counting crows,pop
frank black,pop
archers of loaf,pop
the four aces,pop
pj harvey,pop
dave matthews band,pop
hootie & the blowfish,pop
311,rnb
heather nova,pop
brandy,pop
portishead,pop
toadies,pop
low,pop
guided by voices,pop
aaliyah,pop
hole,pop
the notorious b.i.g.,hip hop
"clarence ""frogman"" henry",pop
k. s. chithra,pop
built to spill,pop
cake,rock
medicine,rock
outkast,hip hop
craig mack,hip hop
lagwagon,punk
blink-182,punk
tlc,pop
jeff buckley,pop
stereolab,pop
nas,pop
veruca salt,pop
common,hip hop
weezer,pop
sponge,pop
da brat,pop
beck,pop
warren g,hip hop
changing faces,pop
coolio,hip hop
scarface,hip hop
shania twain,pop
better than ezra,pop
our lady peace,pop
tricky,pop
raekwon,hip hop
alanis morissette,pop
boyzone,pop
jewel,hip hop
elliott smith,pop
natalie merchant,pop
big l,country
the goo goo dolls,pop
faith evans,pop
bone thugs-n-harmony,hip hop
soul for real,pop
collective soul,pop
the rembrandts,pop
selena,pop
enrique iglesias,pop
the presidents of the united states of america,pop
montell jordan,pop
seven mary three,pop
brotha lynch hung,hip hop
blessid union of souls,pop
newsong,pop
elastica,pop
mack 10,hip hop
the corrs,pop
modest mouse,rock
lil' kim,hip hop
silver jews,folk
belle & sebastian,pop
the shangri-las,pop
superdrag,pop
eels,pop
ginuwine,pop
fiona apple,pop
matchbox twenty,pop
soul coughing,pop
foxy brown,pop
busta rhymes,hip hop
spice girls,pop
jennifer love hewitt,pop
blackstreet,pop
millencolin,punk
the penguins,pop
leann rimes,pop
maxwell,pop
donell jones,pop
the wallflowers,pop
local h,pop
republica,pop
702,pop
tonic,pop
backstreet boys,pop
the cardigans,pop
112,pop
dru hill,pop
face to face,punk
h-town,pop
goldfinger,punk
redman,hip hop
erykah badu,hip hop
three 6 mafia,hip hop
*nsync,pop
lighthouse family,pop
days of the new,pop
incubus,pop
wayne toups,pop
creed,rock
zhané,pop
hanson,pop
silverchair,pop
ben folds five,pop
yo la tengo,pop
harvey danger,pop
third eye blind,pop
the verve,pop
edwin mccain,pop
aqua,pop
fuel,pop
missy elliott,pop
sixpence none the richer,pop
smash mouth,pop
george baker selection,pop
jermaine dupri,hip hop
sleater-kinney,rock
five for fighting,pop
paul & paula,pop
grandaddy,pop
destiny's child,pop
98º,pop
dmx,hip hop
unkle,pop
total,pop
the bobby fuller four,pop
swingin' utters,punk
semisonic,punk
train,pop
steps,pop
duster,pop
death cab for cutie,pop
leif garrett,pop
zebrahead,punk
eagle-eye cherry,punk
silkk the shocker,hip hop
juvenile,hip hop
david gray,pop
monica,pop
ms. lauryn hill,pop
christina aguilera,pop
natalie imbruglia,pop
eve 6,pop
tyrese,pop
nicole,pop
n.o.r.e.,hip hop
less than jake,punk
marvelous 3,punk
baccara,pop
dido,pop
broadcast,pop
jimmy eat world,pop
lit,pop
savage garden,pop
beanie sigel,hip hop
nada surf,hip hop
john mayer,pop
sugar ray,pop
ricky martin,pop
the bouncing souls,punk
trick daddy,hip hop
wilco,rock
project pat,hip hop
the lillingtons,punk
luciano pavarotti,pop
brenda holloway,rnb
citizen king,pop
vitamin c,pop
aimee mann,pop
the magnetic fields,pop
vertical horizon,pop
case,pop
jennifer lopez,pop
filter,pop
method man,hip hop
britney spears,pop
switchfoot,pop
three plus,hip hop
new found glory,punk
smog,pop
the flaming lips,rock
marc anthony,pop
jay z,hip hop
s club 7,pop
3 doors down,pop
joe,pop
m2m,pop
musiq soulchild,pop
big pun,hip hop
bow wow,hip hop
gillian welch,pop
jay chou,pop
lucy pearl,pop
flogging molly,pop
everclear,pop
jill scott,pop
colin hay,pop
rene liu,pop
westlife,pop
lambchop,pop
nickel creek,pop
shaggy,pop
dispatch,pop
cat power,pop
lifehouse,pop
e-40,hip hop
goldfrapp,pop
big tymers,hip hop
coldplay,pop
avant,pop
carl thomas,pop
jagged edge,pop
sr-71,pop
ryan adams,pop
3lw,pop
trina,hip hop
the avalanches,pop
mýa,pop
nelly,hip hop
pandora,pop
basement jaxx,pop
spoon,rock
rivermaya,rock
the shins,rock
gorillaz,rock
alien ant farm,rock
craig david,pop
puddle of mudd,rock
shakira,pop
papa roach,hip hop
p!nk,pop
secret garden,pop
fabolous,hip hop
jatin-lalit,pop
default,pop
saves the day,pop
ben folds,pop
dashboard confessional,pop
josh groban,pop
jaheim,pop
stroke 9,pop
the microphones,pop
thursday,pop
the calling,pop
ja rule,hip hop
blu cantrell,pop
diddy,hip hop
alicia keys,pop
fat joe,hip hop
eve,hip hop
hoobastank,pop
michelle branch,pop
gabrielle,pop
nivea,pop
a*teens,pop
remy zero,pop
sparklehorse,pop
travis,pop
my chemical romance,pop
amerie,pop
authority zero,pop
atreyu,metal
floetry,pop
interpol,rock
box car racer,punk
good charlotte,punk
hot water music,pop
avril lavigne,pop
finch,pop
something corporate,pop
field mob,hip hop
taking back sunday,hip hop
coheed and cambria,pop
ben kweller,pop
sum 41,punk
mirah,punk
the used,pop
sugarcult,pop
justin timberlake,pop
aventura,pop
jason mraz,pop
ronan keating,pop
nina,jazz
maroon 5,pop
ashanti,pop
ok go,rock
the all-american rejects,pop
uncle kracker,pop
cam’ron,hip hop
amanda perez,pop
transplants,pop
rilo kiley,pop
robbie williams,pop
neko case,pop
starland vocal band,pop
frankie j,pop
the jayhawks,pop
brand new,pop
american hi-fi,pop
three days grace,pop
cursive,pop
mark ronson,pop
ugk,hip hop
the distillers,hip hop
relient k,religious
stacie orrico,pop
michael bublé,pop
fall out boy,rock
dave matthews,pop
kelly clarkson,pop
the ataris,punk
sweet trip,pop
50 cent,hip hop
the format,pop
jessica simpson,pop
senses fail,pop
yellowcard,punk
rooney,punk
girls aloud,pop
nick cannon,pop
story of the year,pop
lil wyte,hip hop
me first and the gimme gimmes,punk
afi,punk
fruit bats,pop
the knife,pop
hilary duff,pop
baby bash,hip hop
kelis,pop
murphy lee,country
damien rice,pop
yeah yeah yeahs,rock
ludacris,hip hop
the postal service,rock
tv on the radio,rock
brother ali,hip hop
saosin,pop
t.i.,hip hop
m. ward,hip hop
jesse mccartney,pop
breaking benjamin,pop
lindsay lohan,pop
usher,pop
my morning jacket,pop
lil wayne,hip hop
the cheetah girls,pop
the chiffons,pop
jadakiss,hip hop
kanye west,hip hop
straylight run,pop
of montreal,pop
akon,pop
fantasia,pop
rise against,punk
animal collective,pop
midtown,pop
crime mob,hip hop
the avett brothers,pop
sufjan stevens,pop
arcade fire,pop
ray lamontagne,pop
keane,pop
raven-symoné,pop
simple plan,punk
ashlee simpson,pop
natasha bedingfield,pop
bowling for soup,punk
gwen stefani,pop
ciara,pop
iron & wine,pop
hawthorne heights,pop
lil' flip,hip hop
sugarland,country
regina spektor,pop
tegan and sara,pop
lloyd banks,hip hop
the national,pop
the fray,pop
paul westerberg,pop
rob thomas,pop
celtic woman,pop
jeezy,hip hop
say anything,punk
the pussycat dolls,pop
john legend,pop
paramore,pop
carrie underwood,country
fort minor,hip hop
a day to remember,pop
keyshia cole,pop
bullet for my valentine,metal
the decemberists,pop
raheem devaughn,pop
wolf parade,rock
ying yang twins,hip hop
panic! at the disco,hip hop
t-pain,hip hop
the game,hip hop
anna nalick,pop
james blunt,pop
thirty seconds to mars,pop
bush,pop
mike jones,hip hop
anberlin,pop
o.a.r.,pop
imogen heap,pop
the mountain goats,pop
silverstein,pop
voxtrot,pop
bloc party,rock
chris brown,hip hop
hot chip,pop
"tito ""el bambino""",pop
lil scrappy,hip hop
dem franchize boyz,hip hop
birdman,hip hop
sister hazel,pop
letoya,pop
michael wong,pop
daughtry,pop
anti-flag,punk
gotye,punk
yung joc,hip hop
huey,rock
billy talent,punk
quietdrive,pop
beyoncé,pop
petey pablo,hip hop
thom yorke,rock
escape the fate,pop
angels & airwaves,punk
this providence,punk
taylor swift,punk
cherish,pop
the icicle works,pop
alexi murdoch,pop
the red jumpsuit apparatus,pop
cute is what we aim for,pop
silversun pickups,rock
nelly furtado,pop
the wood brothers,pop
fergie,pop
snow patrol,pop
youngbloodz,hip hop
rick ross,hip hop
josé gonzález,pop
flyleaf,pop
matchbook romance,pop
james morrison,pop
troy,pop
scissor sisters,pop
high school musical cast,pop
garbage,pop
onerepublic,pop
band of horses,pop
cartel,pop
jordin sparks,pop
jonas brothers,pop
david guetta,pop
mika,pop
feist,pop
beirut,pop
mgmt,rock
zac efron,pop
mario,pop
pretty ricky,hip hop
adele,pop
dj drama,hip hop
sara bareilles,pop
hannah montana,pop
missy higgins,pop
the last goodnight,pop
secondhand serenade,pop
black lips,pop
j. holiday,pop
mayday parade,pop
deer tick,pop
september,pop
pinback,pop
britt nicole,religious
metro station,pop
the bird and the bee,pop
colbie caillat,pop
blue foundation,pop
the-dream,pop
we the kings,pop
m.i.a.,pop
leona lewis,pop
peter bjorn and john,pop
the wombats,rock
kalimba,pop
glen hansard,pop
timbaland,pop
jon mclaughlin,pop
mims,pop
rich boy,hip hop
scouting for girls,pop
rihanna,pop
the tallest man on earth,pop
rebel souljahz,pop
ingrid michaelson,pop
the cab,pop
paper lace,pop
empire of the sun,pop
eric hutchinson,pop
webbie,hip hop
francesca battistelli,religious
lady gaga,pop
jazmine sullivan,pop
gym class heroes,pop
vampire weekend,rock
deerhunter,pop
atmosphere,hip hop
sia,pop
2 pistols,hip hop
kaskade,pop
passion pit,pop
wiz khalifa,hip hop
hollywood undead,hip hop
cut copy,pop
peter bradley adams,pop
david cook,pop
the ting tings,pop
will.i.am,pop
fleet foxes,pop
shwayze,pop
katy perry,pop
the script,pop
"sergio vega ""el shaka""",pop
bon iver,pop
the academy is...,pop
demi lovato,pop
hellogoodbye,pop
carolina liar,pop
danity kane,pop
kid cudi,hip hop
glee cast,pop
florence + the machine,pop
ashley tisdale,pop
edward sharpe & the magnetic zeros,pop
kolohe kai,pop
all time low,pop
twista,hip hop
twenty one pilots,hip hop
phoenix,rock
bibio,pop
calvin harris,pop
fever ray,pop
a rocket to the moon,pop
keri hilson,pop
parachute,pop
the xx,pop
metric,pop
miike snow,pop
wale,hip hop
noah and the whale,hip hop
young money,hip hop
jason walker,pop
anarbor,pop
warpaint,pop
schuyler fisk,pop
jeremih,pop
lily allen,pop
lmfao,pop
generationals,pop
miley cyrus,pop
boys like girls,pop
phantogram,rock
drake,hip hop
jay sean,pop
owl city,pop
adam lambert,pop
cage the elephant,rock
real estate,pop
bombay bicycle club,rock
beach house,pop
nicki minaj,pop
black veil brides,pop
neon trees,pop
gorilla zoe,hip hop
best coast,rock
beta radio,pop
lcd soundsystem,rock
the downtown fiction,pop
jamie foxx,pop
kevin rudolf,pop
passenger,pop
will reagan,pop
ben rector,pop
ellie goulding,pop
kesha,pop
sleeping with sirens,pop
two door cinema club,rock
justin bieber,pop
sick puppies,pop
mac miller,hip hop
prince royce,pop
taio cruz,pop
jason derulo,pop
big time rush,pop
trampled by turtles,pop
marina,pop
flo rida,pop
go radio,pop
reel big fish,punk
miguel,pop
andrew belle,pop
local natives,pop
the ready set,pop
trey songz,pop
get scared,pop
victorious cast,pop
young the giant,pop
a$ap rocky,hip hop
the drums,rock
tune-yards,pop
sleeping at last,pop
benjamin francis leftwich,pop
blind pilot,pop
falling in reverse,rock
the head and the heart,pop
yelawolf,hip hop
beach fossils,pop
lykke li,pop
travis barker,pop
childish gambino,hip hop
forever the sickest kids,punk
big sean,hip hop
j. cole,hip hop
dom kennedy,hip hop
craft spells,pop
mike posner,pop
simon curtis,pop
christina perri,pop
breathe carolina,pop
jai paul,pop
ben howard,pop
kendrick lamar,hip hop
mandisa,religious
jesse & joy,pop
selena gomez,pop
birdy,pop
avicii,pop
the civil wars,pop
flatsound,pop
jessie j,pop
the oh hellos,pop
eli young band,country
ed sheeran,pop
alexandra stan,pop
foster the people,rock
selena gomez & the scene,pop
lauren aquilina,pop
future,hip hop
lana del rey,pop
tennis,pop
flume,pop
the neighbourhood,pop
one direction,pop
the lumineers,pop
milo greene,pop
tyga,hip hop
bruno mars,pop
brad knauber,pop
set it off,pop
the weeknd,pop
olivia holt,pop
saint motel,rock
madilyn bailey,rock
neck deep,punk
j boog,pop
pierce the veil,pop
meek mill,hip hop
youngblood hawke,rock
travis porter,hip hop
danny brown,hip hop
walk the moon,pop
pitbull,pop
hoodie allen,pop
of monsters and men,pop
zedd,pop
frank ocean,pop
lord huron,pop
brandi carlile,pop
emeli sandé,pop
grimes,pop
pomplamoose,pop
kid ink,hip hop
santigold,pop
florida georgia line,country
julia sheer,pop
travis scott,pop
jeff williams,pop
jess glynne,pop
cassadee pope,pop
atlas genius,pop
kevin gates,hip hop
foxygen,pop
nipsey hussle,hip hop
rhye,pop
our last night,pop
bahamas,pop
tryhardninja,pop
chastity belt,rock
kyle,pop
johnnyswim,pop
jon bellion,pop
the paper kites,pop
ajr,pop
craig campbell,country
the 1975,rock
sam smith,pop
diplo,pop
kacey musgraves,pop
sonreal,hip hop
steve aoki,pop
major lazer,pop
james arthur,pop
rainbow kitten surprise,pop
fitz and the tantrums,rock
august alsina,pop
mike will made-it,hip hop
tori kelly,pop
lorde,pop
partynextdoor,hip hop
zendaya,pop
tom odell,pop
grouplove,rock
rittz,hip hop
natalia kills,pop
chance the rapper,hip hop
new politics,pop
ariana grande,pop
woodkid,pop
bts,pop
danny gokey,pop
hozier,pop
shy glizzy,hip hop
needtobreathe,religious
dustin tebbutt,folk
milky chance,folk
juicy j,hip hop
andy grammer,pop
mitski,pop
iggy azalea,pop
aurora,pop
lindsey stirling,pop
bryce vine,pop
k camp,hip hop
majid jordan,pop
bleachers,pop
sanna nielsen,pop
5 seconds of summer,pop
disclosure,pop
wild cub,pop
eric paslay,country
magic man,pop
ella henderson,pop
vinyl theatre,pop
rupaul,pop
travis atreo,pop
o.t. genasis,hip hop
revolver cannabis,pop
somo,pop
glass animals,pop
blackbear,pop
g-eazy,hip hop
paloma faith,pop
jessie ware,pop
yg,hip hop
azealia banks,pop
schoolboy q,hip hop
james bay,pop
american authors,pop
sam hunt,pop
ty dolla $ign,hip hop
alex & sierra,pop
clean bandit,pop
rixton,pop
a great big world,pop
aronchupa,pop
tiësto,pop
meghan trainor,pop
isaiah rashad,hip hop
seven lions,pop
trevor hall,pop
vance joy,pop
mila j,pop
jaymes young,pop
halsey,pop
action bronson,hip hop
langhorne slim,pop
fetty wap,hip hop
bryson tiller,hip hop
misterwives,pop
hippo campus,pop
kodak black,hip hop
belly,hip hop
galantis,pop
oh wonder,pop
kygo,pop
little mix,pop
melanie martinez,pop
yo gotti,hip hop
san holo,electronica
deorro,electronica
børns,pop
carly rae jepsen,pop
troye sivan,pop
allie x,pop
roy woods,hip hop
skizzy mars,hip hop
logic,hip hop
russ,hip hop
ryan stevenson,religious
rich homie quan,hip hop
twice,pop
george ezra,pop
marc e. bassy,pop
shawn mendes,pop
daniel caesar,pop
x ambassadors,pop
fifth harmony,pop
alessia cara,pop
lil dicky,hip hop
kehlani,pop
rae sremmurd,hip hop
mike stud,hip hop
willow,pop
sheppard,pop
lany,pop
duke dumont,pop
hayden james,pop
miia,pop
dove cameron,pop
machine gun kelly,pop
quinn xcii,pop
louis the child,pop
granger smith,country
lizzo,pop
madeintyo,hip hop
post malone,hip hop
birdtalker,pop
vic mensa,hip hop
ookay,electronica
brent faiyaz,pop
wrabel,pop
lost kings,pop
ella mai,pop
twenty88,pop
dodie,pop
ab-soul,hip hop
solange,pop
gryffin,pop
grupo maximo grado,pop
timeflies,pop
toni romiti,pop
famous dex,hip hop
legado 7,pop
eric bellinger,pop
charlie puth,pop
dnce,pop
gucci mane,hip hop
whethan,pop
daya,pop
lukas graham,pop
hailee steinfeld,pop
martin garrix,pop
the band camino,pop
sabrina carpenter,pop
astrid s,pop
lil yachty,hip hop
young thug,hip hop
niykee heaton,pop
khalid,pop
a r i z o n a,pop
harry styles,pop
playboi carti,pop
dean lewis,pop
yoke lore,pop
jacquees,pop
rita ora,pop
james tw,pop
banes world,pop
charli xcx,pop
camila cabello,pop
prettymuch,pop
migos,hip hop
aminé,hip hop
smallpools,pop
illenium,pop
phora,pop
mt. joy,pop
the chainsmokers,pop
davido,pop
billie eilish,pop
pnb rock,hip hop
jhene aiko,pop
sza,pop
dennis lloyd,pop
lauv,pop
rex orange county,pop
maggie lindemann,pop
a$ap ferg,hip hop
dua lipa,pop
nav,hip hop
jessie reyez,pop
chelsea cutler,pop
h.e.r.,pop
bebe rexha,pop
jp cooper,pop
zara larsson,pop
olivia o'brien,pop
jay rock,hip hop
kina grannis,pop
alec benjamin,pop
saweetie,pop
julia michaels,pop
cardi b,pop
jid,hip hop
maddie & tae,country
seeb,pop
tinashe,pop
surfaces,pop
au/ra,pop
alesso,pop
rico nasty,pop
quavo,hip hop
girl in red,pop
ayokay,pop
noah kahan,pop
zayn,pop
metro boomin,hip hop
rich the kid,hip hop
pewdiepie,hip hop
kids see ghosts,hip hop
bazzi,pop
lanco,pop
ruel,pop
gianni & kyle,pop
megan thee stallion,pop
french montana,hip hop
88rising,pop
notd,pop
joyner lucas,hip hop
finneas,pop
clairo,pop
tory lanez,hip hop
runaway june,hip hop
dj khaled,hip hop
quality control,hip hop
naomi scott,hip hop
labrinth,pop
dreamville,hip hop
why don't we,pop
mabel,pop
meduza,pop
ali gatie,pop
jack & jack,pop
lefty frizzell,country
lester flatt,pop
brownie mcghee,pop
johnny cash,pop
marty robbins,pop
the carter family,pop
gene autry,pop
ray price,pop
the charlie daniels band,country
jimmy dean,country
johnny cooper,country
george jones,country
johnny horton,rock
hank thompson,country
carl smith,country
jean shepard,country
hank williams,country
sonny james,country
big bill broonzy,country
patsy cline,pop
don gibson,rock
the louvin brothers,pop
charlie rich,pop
stonewall jackson,pop
conway twitty,country
sons of the pioneers,country
sonny boy williamson ii,country
lightnin' hopkins,country
rev. gary davis,country
bob wills,country
tex williams,country
slim whitman,pop
chet atkins,pop
sonny terry,country
frank patterson,country
lead belly,country
claude king,country
tom rush,folk
wynn stewart,folk
willie nelson,country
porter wagoner,pop
hank snow,pop
bukka white,country
george hamilton iv,country
bobby bare,country
hank locklin,country
eddy arnold,pop
jim reeves,pop
billy walker,pop
john hammond,pop
tammy wynette,pop
the browns,pop
lorne greene,pop
loretta lynn,pop
bert jansch,folk
dick curless,folk
the beau brummels,pop
charlie louvin,pop
connie smith,pop
the pretty things,pop
dottie west,pop
roger miller,pop
merle haggard,country
fred neil,folk
little jimmy dickens,folk
lynn anderson,folk
the statler brothers,folk
gordon lightfoot,rock
jeannie seely,rock
red simpson,rock
the jordanaires,rock
david houston,rock
charley pride,country
waylon jennings,country
buffalo springfield,rock
grandpa jones,country
moby grape,country
jerry reed,country
traffic,rock
ramblin' jack elliott,folk
mickey gilley,country
buddy guy,country
country joe & the fish,rock
dolly parton,country
nitty gritty dirt band,folk
john hartford,pop
arlo guthrie,pop
bobbie gentry,pop
gene watson,country
al kooper,rock
jerry jeff walker,rock
the guess who,rock
dillard & clark,folk
the band,pop
quicksilver messenger service,rock
taj mahal,rock
james gang,rock
linda ronstadt,rock
hoyt axton,country
"crosby, stills & nash",rock
derek & the dominos,rock
savoy brown,rock
leon russell,rock
hot tuna,rock
delaney & bonnie,rock
jessi colter,rock
dave mason,rock
humble pie,rock
stephen stills,rock
johnny paycheck,country
jonathan edwards,folk
new riders of the purple sage,folk
"hank williams, jr.",country
commander cody and his lost planet airmen,country
michael hurley,folk
judee sill,folk
loggins & messina,folk
the doobie brothers,rock
kris kristofferson,folk
graham nash,folk
chris ledoux,country
david crosby,pop
black oak arkansas,rock
america,pop
bob weir,pop
little feat,rock
the kendalls,rock
pure prairie league,rock
jerry garcia,rock
loudon wainwright iii,folk
tom t. hall,country
tanya tucker,country
the marshall tucker band,rock
the ozark mountain daredevils,rock
bachman-turner overdrive,rock
joe walsh,rock
ronnie milsap,country
doug sahm,country
the band perry,country
lynyrd skynyrd,rock
gram parsons,pop
dan penn,pop
dan fogelberg,rock
david allan coe,country
bruce cockburn,folk
ry cooder,pop
jefferson starship,rock
merle haggard & the strangers,rock
asleep at the wheel,rock
the outlaws,rock
peter frampton,rock
elvin bishop,rock
gary wright,rock
don williams,rock
head east,rock
april wine,rock
gary stewart,country
foghat,rock
crystal gayle,country
moe bandy,country
the bellamy brothers,country
guy clark,country
silver,pop
eddie rabbitt,pop
warren zevon,rock
kenny rogers,pop
webb pierce,pop
dennis wilson,pop
dickey betts,pop
the oak ridge boys,country
vern gosdin,country
joe ely,country
atlanta rhythm section,rock
amazing rhythm aces,rock
38 special,rock
barbara mandrell,country
rosanne cash,pop
blackfoot,rock
lowell george,rock
ricky skaggs,pop
the fabulous thunderbirds,rock
lacy j. dalton,rock
janie fricke,rock
t.g. sheppard,country
johnny rodriguez,country
larry gatlin & the gatlin brothers,country
john conlee,country
alabama,country
lucinda williams,pop
johnny lee,country
mel tillis,country
donna fargo,country
john anderson,country
molly hatchet,rock
mel mcdaniel,country
reba mcentire,country
juice newton,country
earl thomas conley,country
george strait,country
billy joe shaver,country
michael martin murphey,country
green on red,pop
richard & linda thompson,folk
deborah allen,folk
john hiatt,rock
travis tritt,country
michael peterson,country
bryan white,country
mink deville,rock
foster & allen,folk
lee greenwood,folk
pam tillis,country
nrbq,rock
dan seals,country
the judds,country
lorrie morgan,country
keith whitley,country
the florida boys,country
robert earl keen,country
gary p. nunn,country
lone justice,rock
sawyer brown,country
vince gill,country
the knitters,country
van zant,rock
john williamson,rock
steve earle,pop
gregg allman,pop
dwight yoakam,country
holly dunn,country
drivin n cryin,country
boxcar willie,country
daniel o'donnell,folk
rodney crowell,pop
the georgia satellites,rock
ricky van shelton,country
randy travis,country
kathy mattea,country
lyle lovett,pop
the gregg allman band,pop
restless heart,pop
john schneider,pop
k.t. oslin,pop
mary chapin carpenter,pop
robbie robertson,pop
billie jo spears,pop
baillie & the boys,pop
ernest tubb,country
the desert rose band,country
steve wariner,country
sweethearts of the rodeo,country
ronnie mcdowell,country
patty loveless,country
steve goodman,country
slim dusty,country
highway 101,country
delbert mcclinton,country
lee roy parnell,country
bob mould,pop
james mcmurtry,country
clint black,country
shenandoah,country
the kentucky headhunters,country
marty stuart,country
suzy bogguss,country
charley patton,country
joe diffie,country
pirates of the mississippi,country
buck owens,country
uncle tupelo,rock
the mavericks,rock
mark chesnutt,country
the rankin family,folk
the notting hillbillies,folk
the highwaymen,folk
doug stone,country
ken mellons,country
alan jackson,country
skip james,country
gaither vocal band,country
sir douglas quintet,country
billy dean,country
texas tornados,country
collin raye,country
sammy kershaw,country
diamond rio,country
kitty wells,country
floyd tillman,country
trisha yearwood,country
roger mcguinn,folk
paddy reilly,folk
red foley,folk
hal ketchum,folk
aaron tippin,country
tracy lawrence,country
brooks & dunn,country
memphis minnie,country
ernest ashworth,country
radney foster,country
wynonna,country
iris dement,country
little texas,country
kevin welch,country
billy ray cyrus,country
jimmy lafave,pop
confederate railroad,country
blind boy fuller,country
lonnie johnson,pop
tim mcgraw,country
kelly willis,country
clay walker,country
cory morrow,country
junior brown,rock
john berry,country
shawn camp,country
joe dolan,country
ray stevens,country
fred eaglesmith,country
martina mcbride,country
rick trevino,country
bash & pop,country
blue rodeo,country
carlene carter,country
doug supernaw,country
tracy byrd,country
david ball,country
john michael montgomery,country
kenny chesney,country
paul overstreet,country
blackhawk,country
lari white,country
bob wills & his texas playboys,country
chely wright,country
the tractors,country
neal mccoy,country
david lee murphy,country
rhett akins,country
whiskeytown,pop
t. graham brown,country
lonestar,country
son volt,pop
wayne hancock,pop
daryle singletary,country
terri clark,country
ty herndon,country
golden smog,country
buddy miller,country
jimmy wakely,country
robbie fulks,rock
deana carter,country
mcbride & the ride,country
kevin sharp,country
toby keith,country
trace adkins,country
the martins,country
mark wills,country
mindy mccready,country
paul brandt,country
gary allan,country
sammi smith,country
bill anderson,country
roy clark,country
old 97's,pop
c.w. mccall,pop
keith urban,country
ray wylie hubbard,country
old & in the way,pop
lila mccann,pop
pat green,pop
lee ann womack,country
richard buckner,pop
jo dee messina,country
roger creager,country
rodney carrington,pop
"bonnie ""prince"" billy",pop
wade hayes,country
charlie robison,country
garth brooks,country
sara evans,country
allison moorer,folk
eddy raven,country
barbara fairchild,country
cal smith,country
blaze foley,pop
shedaisy,country
sherrié austin,country
montgomery gentry,country
hank williams iii,country
andy griggs,country
jessica andrews,country
damien jurado,pop
bill monroe,pop
brad paisley,country
greater vision,country
alejandro escovedo,pop
the gourds,pop
phil vassar,country
chris cagle,country
rascal flatts,country
chris smither,country
craig morgan,country
haystak,hip hop
todd snider,pop
songs: ohia,pop
billy gilman,pop
corey smith,country
kevin fowler,country
doc watson,pop
faron young,country
jeanne pruett,country
joe purdy,pop
cross canadian ragweed,country
jason boland & the stragglers,country
bill gaither,country
cooder graw,country
otis taylor,pop
the perrys,pop
old crow medicine show,pop
jeff carson,pop
chris knight,country
jeffrey foucault,pop
jake hess,pop
blake shelton,country
drive-by truckers,pop
the warren brothers,pop
the crabb family,pop
rhett miller,pop
mickey newbury,pop
okkervil river,pop
darius rucker,country
mike mcclure,country
darryl worley,country
joe nichols,country
randy rogers band,country
emerson drive,country
wade bowen,country
slaid cleaves,country
buddy jewell,country
dierks bentley,country
bubba sparxxx,hip hop
jeff bates,country
the talleys,country
the handsome family,country
aaron watson,country
josh turner,country
rodney atkins,country
gretchen wilson,country
big & rich,country
adam hood,country
the grass roots,pop
dave alvin,rock
calexico,rock
jim white,rock
julie roberts,country
mark collie,country
josh gracin,country
shooter jennings,country
ryan adams & the cardinals,pop
miranda lambert,country
stoney larue,country
jack greene,pop
ferlin husky,pop
hawkshaw hawkins,pop
kyle park,pop
lynda randle,pop
tommy mcclennan,country
jason aldean,country
little big town,country
roger alan wade,country
trick pony,country
darrell scott,pop
billy currington,country
brandon jenkins,country
honeybrowne,country
john phillips,country
the be good tanyas,pop
lindsey haun,pop
john d. hale band,pop
casey donahew,pop
chris young,country
trent tomlinson,country
no justice,country
moonshine bandits,pop
the wreckers,country
mike bowling,country
eleven hundred springs,country
eric church,country
steve holy,country
keb' mo',country
max stalling,country
josh ritter,pop
luke bryan,country
ray bonneville,folk
kingspade,folk
eilen jewell,folk
ryan bingham,country
bleu edmondson,country
laura bell bundy,pop
colt ford,country
gordon mote,country
lady antebellum,country
hellbound glory,rock
lee brice,country
chatham county line,pop
jim ford,pop
jamey johnson,country
blitzen trapper,folk
matt mason,folk
kellie pickler,country
reckless kelly,country
julianne hough,country
randy houser,country
ryan beaver,country
the felice brothers,folk
hayes carll,country
bomshel,country
dave rawlings machine,folk
big scoob,hip hop
krizz kaliko,hip hop
brantley gilbert,country
jackson taylor & the sinners,country
david nail,country
emitt rhodes,pop
dawes,pop
cody johnson,country
jelly roll,hip hop
the band of heathens,rock
dean brody,country
justin moore,country
jason michael carroll,country
zac brown band,country
tech n9ne collabos,hip hop
josh abbott band,country
james otto,country
lukas nelson and promise of the real,pop
easton corbin,country
crucifix,pop
cody jinks,country
jason isbell and the 400 unit,pop
turnpike troubadours,pop
jerrod niemann,country
the lacs,pop
josh thompson,country
lauren alaina,country
steel magnolia,country
jawga boyz,country
scotty mccreery,country
pistol annies,country
thieving birds,country
the collingsworth family,country
bottleneck,pop
sarah jarosz,pop
aaron lewis,country
twang and round,pop
ronnie dunn,country
jake owen,country
whiskey myers,country
hunter hayes,country
thompson square,country
middle brother,pop
jb and the moonshine band,country
corb lund,pop
chase rice,country
scuzz twittly,pop
casey james,pop
moccasin creek,pop
worm,pop
american aquarium,pop
love and theft,country
kip moore,country
brett eldredge,country
parmalee,country
jason isbell,pop
charlie farley,pop
jon langston,country
william clark green,country
david fanning,country
gord bamford,country
redneck souljers,pop
phosphorescent,pop
sturgill simpson,pop
chris stapleton,pop
thomas rhett,country
donna taggart,country
brothers osborne,country
dan + shay,country
nashville cast,country
dustin lynch,country
jawga sparxxx,pop
micky & the motorcars,pop
frankie ballard,country
cole swindell,country
jon pardi,country
mud digger,pop
cam,pop
tyler farr,country
a thousand horses,country
old dominion,country
logan mize,country
kane brown,country
mbest11x,hip hop
charles kelley,hip hop
high valley,country
upchurch,pop
murphy elmore,pop
taylor acorn,pop
ty march.,pop
chase bryant,country
overtime,pop
shotgun rider,pop
drake white,pop
midland,pop
canaan smith,country
brett young,country
russell dickerson,country
adam sanders,country
chris janson,country
the band steele,pop
seckond chaynce,pop
raelynn,country
walker hayes,country
maren morris,country
dirt rock empire,country
skitz kraven,country
mike ryan,country
michael ray,country
jameson rodgers,country
jordan davis,country
kelsea ballerini,country
adam calhoun,pop
katie noel,pop
buddy brown,pop
morgan evans,pop
cale dodds,pop
demun jones,pop
riley green,pop
eric ethridge,pop
chris lane,country
colter wall,country
ashley monroe,country
lewis brice,country
mitchell tenpenny,rock
filmore,rock
morgan wallen,rock
levi hummon,rock
brandon lay,country
brandon ratcliff,country
locash,country
caylee hammack,country
muscadine bloodline,country
ray fulcher,country
mitch rossell,country
tucker beathard,country
christie huff,country
jordan rager,country
adam doleac,country
cold creek county,country
danielle bradbery,country
blanco brown,country
adam hambrick,country
seaforth,country
mason ramsey,country
sam grow,country
john king,country
lil nas x,pop
luke combs,pop
dylan scott,country
jackson michelson,country
john gurney,country
piney brown,country
the ravens,pop
ella fitzgerald,pop
josh white,pop
louis prima,pop
billie holiday,pop
odetta,pop
johnny ace,pop
cannonball adderley,jazz
dinah washington,jazz
lizzie miles,jazz
link wray,pop
aretha franklin,rnb
otis rush,pop
sister rosetta tharpe,country
johnny burnette & the rock 'n' roll trio,rock
junior wells,pop
mickey & sylvia,pop
mose allison,jazz
the cadillacs,pop
chuck berry,rock
b.b. king,rock
ruth brown,pop
ray charles,rnb
muddy waters,pop
chuck willis,pop
little willie john,rnb
woody guthrie,folk
big maybelle,pop
jimmy reed,country
"eddie ""cleanhead"" vinson",pop
the silhouettes,pop
bo diddley,rock
champion jack dupree,pop
howlin' wolf,country
bobby day,rock
nina simone,jazz
screamin' jay hawkins,country
dave van ronk,folk
ronnie hawkins,rock
memphis slim,pop
jimmy witherspoon,pop
wilbert harrison,pop
john lee hooker,pop
larry williams,pop
elmore james,country
king curtis,jazz
etta james,jazz
johnnie taylor,rnb
lee dorsey,rnb
carla thomas,rnb
speckled red,pop
buster brown,pop
otis spann,pop
jimmy smith,jazz
the olympics,pop
the dovells,pop
the dubs,pop
booker t. & the m.g.'s,rnb
solomon burke,rnb
garnet mimms & the enchanters,rnb
rufus thomas,rnb
ruby and the romantics,pop
lou rawls,pop
dock boggs,pop
the turbans,pop
alexis korner's blues incorporated,pop
irma thomas,pop
otis redding,rnb
the animals,rock
baby washington,pop
don covay,pop
duane eddy,pop
the sonics,punk
"huey ""piano"" smith",pop
small faces,pop
the yardbirds,rock
magic sam,pop
the paul butterfield blues band,country
jefferson airplane,rock
the mad lads,rnb
john mayall & the bluesbreakers,pop
paul jones,pop
keith relf,pop
cream,rock
the monks,rock
al green,rnb
ten years after,rock
albert king,rock
jimi hendrix,rock
big brother & the holding company,rock
canned heat,rock
vanilla fudge,rock
iron butterfly,rock
the dells,rnb
clarence carter,rnb
spirit,pop
steppenwolf,rock
wicked lady,rock
deep purple,rock
blue cheer,rock
jethro tull,rock
steve miller band,rock
dr. john,pop
jeff beck,rock
the electric flag,rock
john mayall,pop
johnny winter,pop
janis joplin,rock
joe cocker,rock
little walter,pop
rare earth,pop
freddie king,pop
arthur conley,pop
santana,rock
blind faith,rock
the stooges,rock
mountain,pop
mc5,rock
t-bone walker,country
sir lord baltimore,country
willie dixon,pop
eric clapton,pop
grand funk railroad,rock
cactus,pop
zz top,rock
taste,pop
alice cooper,rock
"crosby, stills, nash & young",rock
rory gallagher,rock
edgar winter,rock
t. rex,rock
uriah heep,rock
j.j. cale,rock
allen toussaint,rock
the detroit emeralds,pop
ann peebles,rnb
flower travellin' band,pop
blue öyster cult,rock
professor longhair,pop
captain beyond,pop
bang,hip hop
the belmonts,pop
steely dan,rock
roy buchanan,rock
big walter horton,country
"beck, bogert, appice",country
robin trower,rock
nazareth,rock
thin lizzy,rock
montrose,rock
son seals,pop
"bobby ""blue"" bland",rnb
ufo,rock
phoebe snow,rock
cab calloway,pop
shirley brown,rnb
bad company,rock
koko taylor,pop
ted nugent,rock
hank ballard,pop
dave bartholomew,pop
tommy bolin,rock
louis jordan & his tympany five,pop
millie jackson,pop
luther johnson,pop
warren haynes,pop
manfred mann's earth band,rock
"johnny ""guitar"" watson",rnb
dr. feelgood,pop
levon helm,pop
george thorogood & the destroyers,rock
fenton robinson,pop
whitesnake,rock
johnny thunders,punk
rick derringer,rock
the blues brothers,rock
gary moore,rock
albert collins,pop
j.b. lenoir,pop
the fall,pop
the birthday party,pop
mick taylor,pop
robben ford,pop
swell maps,pop
kevin coyne,pop
peter green,pop
pat travers,rock
alex chilton,rock
krokus,rock
george thorogood,rock
the cramps,punk
dave davies,punk
"clarence ""gatemouth"" brown",pop
mick fleetwood,pop
rabbit muse,pop
the action,pop
the gun club,punk
z.z. hill,rnb
the flesh eaters,pop
the saints,country
robert plant,rock
ted hawkins,rnb
hound dog taylor,pop
robert cray,pop
paul rodgers,pop
latimore,pop
the fleshtones,rock
jimmy johnson,pop
stevie ray vaughan,pop
carlos santana,pop
denise lasalle,rnb
mike bloomfield,pop
james cotton,pop
jimmy page,pop
nappy brown,pop
chick webb,pop
the delmonas,pop
lonnie mack,pop
the blues band,country
nathan abshire,pop
john fogerty,rock
john scofield,jazz
snooky pryor,country
helen humes,pop
jane's addiction,rock
colin james,pop
keith richards,pop
the jeff healey band,pop
traveling wilburys,rock
adam gussow,rock
the five keys,pop
big mama thornton,pop
eddie boyd,pop
joe liggins,pop
the subdudes,rock
little milton,rnb
marvin sease,rnb
david peaston,pop
robert johnson,country
the neville brothers,pop
alan lomax,pop
william clarke,pop
the vaughan brothers,pop
earl hooker,pop
the jive five,pop
the gories,pop
mississippi john hurt,folk
clyde mcphatter,rock
bessie smith,blues
widespread panic,rock
kenny neal,pop
robben ford & the blue line,pop
larry davis,pop
arc angels,pop
big bub,pop
buddy knox,pop
louis jordan,pop
ella mae morse,pop
"arthur ""big boy"" crudup",country
lester davenport,country
the moonglows,pop
blind willie johnson,country
the jon spencer blues explosion,punk
the robert cray band,pop
morphine,rock
otis clay,rnb
johnny maestro,pop
cookie & the cupcakes,pop
carey bell,country
supersuckers,punk
tinsley ellis,pop
ali farka touré,pop
slim gaillard,pop
chris duarte,pop
the nutmegs,pop
jimmie vaughan,pop
snowy white,pop
junior kimbrough,country
corey stevens,rock
jimmy mccracklin,pop
mad season,rock
kenny wayne shepherd,rock
sonny landreth,rock
popa chubby,pop
major lance,rnb
the duprees,pop
jimmy thackery and the drivers,pop
the brian jonestown massacre,pop
beth hart,pop
oblivians,punk
duke robillard,pop
galactic,rnb
tommy castro,pop
kentucky thunder,pop
jonny lang,pop
slim harpo,pop
r.l. burnside,pop
wilson meadows,pop
dave meniketti,pop
susan tedeschi,pop
shemekia copeland,pop
stan mosley,pop
queens of the stone age,rock
five horse johnson,rock
brant bjork,rock
the spaceshits,pop
the white stripes,rock
doyle bramhall ii,pop
the earls,pop
the greenhornes,rock
gino washington,rock
mel waiters,rnb
toumani diabaté,blues
spooky tooth,rock
robert belfour,rock
coco montoya,rock
joe bonamassa,rock
the spits,punk
mark selby,pop
julian sas,pop
methrone,pop
michael burks,pop
black rebel motorcycle club,rock
peter and gordon,pop
the dirtbombs,pop
radio birdman,punk
jj grey & mofro,pop
big joe turner,pop
tinariwen,pop
death from above 1979,rock
the vines,rock
tab benoit,pop
reigning sound,pop
jessie hill,pop
the black keys,rock
hasil adkins,blues
alvin lee,pop
jackie greene,pop
roscoe holcomb,folk
wendell b,folk
the kills,rock
the coasters,pop
jack white,rock
buddy johnson,pop
robert randolph & the family band,pop
holly golightly,pop
doyle bramhall,pop
nick moss & the flip tops,pop
bob log iii,pop
the von bondies,pop
bettye swann,pop
carl sims,rnb
heartless bastards,pop
mr. airplane man,pop
eric bibb,pop
eagles of death metal,rock
the mooney suzuki,punk
albert cummings,rock
the derek trucks band,rock
the hunches,punk
lost sounds,punk
t.k. soul,punk
pyeng threadgill,punk
esther phillips,rnb
the king khan & bbq show,pop
richard hell,punk
lebrado,punk
reggie p,punk
jimmy clanton,pop
bobby freeman,pop
grace potter & the nocturnals,pop
anders osborne,pop
washington phillips,pop
the black angels,pop
furry lewis,pop
danny bryant's redeyeband,pop
jace everett,pop
the orioles,pop
floyd taylor,pop
charlie gracie,rock
left lane cruiser,punk
the open mind,rock
the chantels,pop
seasick steve,pop
"albert hammond, jr.",rock
bobby rush,rnb
eric lindell,pop
atomic rooster,rock
earl king,pop
the raconteurs,rock
willie clayton,rnb
the atomic bitchwax,metal
aynsley lister,pop
wolfmother,rock
chicken shack,rnb
ash grunwald,pop
merl saunders,pop
patti drew,pop
north mississippi allstars,pop
patrick sweany,pop
graveyard,rock
grinderman,punk
geeshie wiley,country
sir charles jones,rnb
jackie neal,pop
indigenous,pop
ty segall,rock
the stone foxes,rock
jay reatard,rock
c.w. stoneking,pop
bernard allison,pop
the nerves,pop
dead meadow,pop
thee oh sees,pop
black mountain,rock
the muggs,rock
the sheepdogs,rock
the parlor mob,rock
the pack a.d.,rock
black joe lewis & the honeybears,pop
little arthur duncan,pop
la keisha,pop
billy boy arnold,pop
peggy scott-adams,pop
tucka,pop
band of skulls,rock
the flying eyes,rock
justin townes earle,pop
white denim,rock
them crooked vultures,rock
joanne shaw taylor,pop
radio moscow,rock
the almighty defenders,punk
dan auerbach,rock
the heavy,rock
ana popovic,pop
terry wright,pop
brother dege,rock
oli brown,rock
eden brent,pop
j. roddy walston & the business,pop
black country communion,rock
bigg robb,rnb
the california honeydrops,pop
the dead weather,rock
the reverend peyton's big damn band,rock
buddy whittington,rock
possessed by paul james,pop
the blackwater fever,pop
hanni el khatib,rock
tedeschi trucks band,pop
valley of the sun,rock
jd mcpherson,rock
james leg,punk
1000mods,rock
night beats,rock
vintage trouble,rock
henrik freischlader,rock
linda jones,rnb
the harptones,pop
klass band brotherhood,pop
donnie ray,rnb
7horse,pop
fatoumata diawara,pop
rival sons,rock
beans & fatback,rock
black pistol fire,rock
parker millsap,rock
all them witches,rock
philip sayce,rock
shovels & rope,pop
john the conqueror,pop
bo carter,pop
lincoln durham,pop
the delta saints,rock
the spaniels,pop
gary clark jr.,pop
the bones of j.r. jones,pop
walter trout,pop
the heavy eyes,rock
blues saraceno,rock
deap vally,rock
the shouting matches,rock
charles brown,pop
shawn james & the shapeshifters,pop
tyler bryant & the shakedown,rock
king khan and the shrines,rock
samantha fish,rock
the go,hip hop
charlie parr,pop
bombino,pop
reignwolf,rock
jamie n commons,rock
welshly arms,rock
mike zito,rock
keef hartley band,rock
larkin poe,rock
greenleaf,rock
benjamin booker,rock
royal blood,rock
fantastic negrito,rock
josefus,rock
seth walker,rnb
kongos,rock
scott h. biram,rock
andy frasco & the u.n.,rock
ruthie foster,rock
"bernard ""pretty"" purdie",jazz
linsey alexander,pop
little hurricane,rock
anderson east,pop
the yawpers,pop
the devil and the almighty blues,pop
debbie davies,pop
omar cunningham,pop
the london souls,pop
tyree neal,pop
the arcs,rock
the marcus king band,rock
leon bridges,rock
the detroit cobras,punk
muddy magnolias,punk
gary hoey,blues
avail hollywood,pop
dorothy,rock
the record company,rock
goodbye june,rock
albert castiglia,rock
ron gallo,rock
ronnie earl,pop
band of rascals,pop
gina sicilia,pop
big yayo,pop
greta van fleet,rock
sonny rhodes,rock
the magpie salute,rock
the cold stares,rock
janiva magness,rock
danielle nicole,pop
anthony gomes,pop
the blue stones,rock
lj echols,rock
walter wolfman washington,pop
cedric burnside,pop
the dictators,punk
ndidi o,punk
frankie lymon & the teenagers,pop
des rocs,rock
joe louis walker,rock
eric gales,pop
curtis salgado,pop
southern avenue,pop
gene ammons,jazz
bud powell,jazz
tony bennett,jazz
dean martin,pop
erroll garner,jazz
george shearing,jazz
doris day,pop
vic damone,pop
dizzy gillespie,jazz
gerry mulligan,jazz
bing crosby,pop
ray noble,pop
stan kenton,pop
thelonious monk,jazz
the andrews sisters,pop
duke ellington,jazz
ahmad jamal,jazz
benny carter,jazz
miles davis,jazz
gerry mulligan quartet,jazz
oscar peterson,jazz
noro morales,pop
count basie,pop
tony scott,pop
buck clayton,pop
sonny rollins,jazz
marian mcpartland,jazz
charlie parker,jazz
mary lou williams,blues
chet baker,jazz
stan getz,jazz
louis armstrong,jazz
judy garland,pop
roy haynes,jazz
sarah vaughan,jazz
paul bley,jazz
margaret whiting,pop
rosemary clooney,pop
ben webster,jazz
nat king cole,jazz
nat king cole trio,pop
peggy lee,pop
dave brubeck,jazz
june christy,pop
eartha kitt,pop
anita o'day,pop
helen merrill,pop
the dave brubeck quartet,jazz
cal tjader,jazz
donald byrd,jazz
sammy davis jr.,pop
carmen mcrae,pop
the four freshmen,pop
clifford brown,jazz
julie london,pop
bill evans,jazz
hank mobley,jazz
miles davis quartet,jazz
sonny stitt,jazz
lester young,jazz
herb ellis,jazz
keely smith,pop
sonny clark,jazz
della reese,jazz
fred astaire,pop
blossom dearie,pop
johnny mercer,pop
lee morgan,jazz
joe williams,jazz
teddy wilson,jazz
yusef lateef,jazz
lena horne,pop
red garland,jazz
art pepper,jazz
vince guaraldi trio,jazz
ray brown,jazz
art farmer,jazz
coleman hawkins,jazz
sun ra,jazz
ramsey lewis,jazz
mel tormé,pop
nancy wilson,jazz
etta jones,jazz
kenny drew,jazz
oliver nelson,pop
kenny burrell,jazz
stanley turrentine,jazz
eric dolphy,jazz
tina brooks,jazz
wes montgomery,jazz
dexter gordon,jazz
grant green,jazz
john coltrane,jazz
bill evans trio,jazz
arthur lyman,pop
max roach,pop
michel legrand,jazz
herbie hancock,jazz
freddie roach,jazz
shirley horn,jazz
jack jones,pop
billy strayhorn,pop
johnny hartman,pop
jimmy durante,pop
charles mingus,jazz
andrew hill,jazz
herbie mann,jazz
mongo santamaria,jazz
earl hines,jazz
oscar peterson trio,jazz
the modern jazz quartet,jazz
big john patton,jazz
quincy jones,pop
astrud gilberto,pop
george benson,pop
frank zappa,rock
willie bobo,jazz
thad jones,jazz
joe cuba sextet,jazz
charlie palmieri,jazz
joe pass,jazz
pete rodriguez,jazz
la lupe,pop
the don ellis orchestra,pop
tom scott,pop
gábor szabó,pop
soft machine,rock
elvin jones,jazz
joe henderson,jazz
louie ramirez,jazz
willie colón,pop
david axelrod,jazz
keith jarrett,jazz
paul desmond,jazz
joe bataan,rnb
marlena shaw,rnb
tony williams,pop
isaac hayes,pop
the meters,rnb
yes,rock
roberta flack,pop
king crimson,rock
the emotions,pop
ray barretto,pop
sadao watanabe,jazz
django reinhardt,jazz
"emerson, lake & palmer",rock
b.t. express,pop
tower of power,rnb
minnie riperton,pop
freddie hubbard,jazz
mandrill,jazz
the manhattan transfer,jazz
roberto roena y su apollo sound,pop
bob james,jazz
donny hathaway,rnb
gentle giant,rock
maynard ferguson,jazz
"earth, wind & fire",pop
the dramatics,pop
bill le sage,pop
the new birth,pop
gil scott-heron,hip hop
gary bartz ntu troop,hip hop
eugene mcdaniels,hip hop
ornette coleman,jazz
alice coltrane,jazz
eddie kendricks,pop
roy ayers ubiquity,jazz
nektar,rock
charles lloyd,jazz
ohio players,pop
cymande,pop
heatwave,pop
horace silver,jazz
the j.b.'s,hip hop
the main ingredient,pop
chick corea,jazz
deodato,jazz
roy ayers,jazz
mfsb,pop
gary burton,jazz
george duke,jazz
weather report,jazz
jon lucien,jazz
chuck mangione,jazz
pharoah sanders,jazz
billy cobham,jazz
ismael rivera y sus cachimbos,jazz
graham central station,jazz
ron carter,jazz
stanley clarke,jazz
lonnie liston smith,jazz
leroy hutson,rnb
rufus,pop
fatback band,pop
average white band,pop
camel,pop
rick wakeman,rock
chris squire,rock
art tatum,jazz
jim hall,jazz
bobby hutcherson,jazz
natalie cole,pop
the crusaders,jazz
leon redbone,jazz
fania all stars,pop
bobbi humphrey,jazz
chocolate milk,pop
don cherry,jazz
brick,jazz
jean-luc ponty,jazz
milt jackson,jazz
phyllis hyman,pop
the brothers johnson,pop
weldon irvine,pop
dexter wansel,pop
john mclaughlin,jazz
al jarreau,jazz
freddy cole,jazz
henri texier,jazz
norman connors,pop
jaco pastorius,jazz
ned doheny,rock
michael franks,rock
asha puthli,rock
lee ritenour,jazz
ramp,jazz
patti austin,rock
tarika blue,rock
return to forever,rock
ebo taylor,jazz
idris muhammad,jazz
jean carn,pop
cortex,pop
con funk shun,pop
azymuth,jazz
u.k.,jazz
larry carlton,jazz
maze,pop
joe sample,jazz
the ink spots,pop
buddy rich,pop
michael henderson,pop
ronnie foster,pop
hiroshima,pop
kleeer,pop
steve howe,rock
brenda russell,pop
johnny pacheco,pop
joanne brackeen,pop
"grover washington, jr.",pop
ronnie laws,jazz
gary bartz,jazz
ashford & simpson,pop
tito rodriguez,pop
tom browne,pop
betty carter,pop
woody shaw,jazz
john klemmer,jazz
steve swallow,jazz
spyro gyra,jazz
earl klugh,jazz
leon ware,pop
david sanborn,jazz
pieces of a dream,jazz
ernestine anderson,jazz
harvey mason,jazz
bernard wright,jazz
herb alpert,pop
pleasure,pop
shakatak,pop
patrice rushen,pop
allan holdsworth,jazz
marcus miller,jazz
kenny g,jazz
yellowjackets,jazz
al di meola,jazz
steps ahead,jazz
bill frisell,jazz
the jones girls,pop
barney kessel,jazz
dan siegel,jazz
voivod,metal
shankar,pop
mezzoforte,jazz
uzeb,jazz
ray vega,jazz
diane schuur,jazz
lenny breau,jazz
loose ends,pop
wynton marsalis,jazz
dave grusin,jazz
zoot sims,jazz
rubén blades,pop
george howard,pop
paul hardcastle,pop
marvin santiago,pop
ray brown trio,pop
basia,pop
stetsasonic,hip hop
jonathan butler,jazz
lyle mays,jazz
jeff lorber,jazz
najee,jazz
wes montgomery trio,jazz
michael brecker,jazz
"harry connick, jr.",jazz
artie shaw,pop
julian dash,pop
david benoit,jazz
benny goodman,jazz
mike stern,jazz
jungle brothers,hip hop
pestilence,metal
bix beiderbecke,pop
tuck & patti,pop
tito puente,pop
the blackbyrds,pop
greyboy,pop
branford marsalis,pop
cano estremera,pop
angelo debarre,pop
will downing,pop
alex bugnon,pop
tommy dorsey,pop
nightmares on wax,pop
peter white,pop
rahsaan roland kirk,jazz
maceo parker,jazz
acoustic alchemy,jazz
nocturnus,metal
red garland trio,jazz
kid ory,jazz
sonora ponceña,pop
glenn miller,pop
meshuggah,metal
massacre,pop
the brand new heavies,pop
gorguts,metal
kenny kirkland,metal
dream warriors,metal
pete rock & c.l. smooth,hip hop
phil perry,pop
boney james,pop
holly cole,pop
eddie calvert,pop
stereo mc's,pop
incognito,rnb
kenny dorham,jazz
the brecker brothers,jazz
rachelle ferrell,pop
pat metheny group,jazz
galliano,jazz
the pharcyde,hip hop
curtis fuller,jazz
warren hill,jazz
brass construction,jazz
cynic,metal
laura fygi,jazz
us3,jazz
susannah mccorkle,jazz
dj krush,jazz
ben tankard,jazz
digable planets,hip hop
special efx,hip hop
mother earth,hip hop
kruder & dorfmeister,pop
les mccann,jazz
mark o'connor,jazz
alain caron,jazz
freestyle fellowship,jazz
souls of mischief,jazz
pete rock,hip hop
luis arcaraz y su orquesta,jazz
ulver,metal
big bad voodoo daddy,jazz
edge of sanity,metal
michel camilo,jazz
vera lynn,pop
billy eckstine,pop
jestofunk,pop
chris standring,pop
blue mitchell,jazz
jan garbarek,jazz
lennie tristano,jazz
the mills brothers,pop
james taylor quartet,rnb
st germain,jazz
cassandra wilson,jazz
diana krall,jazz
lisa ekdahl,jazz
mark whitfield,jazz
fourplay,jazz
anita baker,pop
dinah shore,pop
brooklyn funk essentials,pop
marc antoine,pop
jo stafford,pop
lamb,country
madeleine peyroux,jazz
de la soul,hip hop
alvino rey,pop
"johnny ""hammond"" smith",jazz
poncho sanchez,jazz
dj shadow,hip hop
count basic,hip hop
lord finesse,hip hop
morcheeba,pop
the herbaliser,pop
brad mehldau,jazz
camp lo,rock
devin townsend,metal
3rd force,metal
the skatalites,pop
biosphere,pop
gato barbieri,jazz
charlie hunter,jazz
godspeed you! black emperor,rock
tommy guerrero,rnb
eva cassidy,pop
nuyorican soul,jazz
brian culbertson,jazz
bob berg,jazz
kid loco,jazz
paul taylor,jazz
benny goodman trio,pop
moodymann,jazz
pat metheny,jazz
mr. scruff,jazz
hieroglyphics,jazz
nite flyte,jazz
steve cole,jazz
mulatu astatke,jazz
kashif,pop
fletcher henderson,jazz
rae & christian,jazz
afterlife,metal
brian hughes,metal
steve tyrell,metal
the dillinger escape plan,metal
steve oliver,metal
dave koz,jazz
justice system,jazz
aim,pop
esbjörn svensson trio,jazz
de-phazz,jazz
harry james,pop
richard elliot,jazz
norman brown,jazz
nitin sawhney,jazz
sven van hees,jazz
jimmy scott,jazz
rick braun,jazz
bent,country
dj food,pop
bonobo,pop
roy hargrove,jazz
supreme beings of leisure,hip hop
dzihan & kamien,hip hop
club 1600,hip hop
fats waller,jazz
thievery corporation,jazz
groove armada,jazz
lemon jelly,jazz
blue states,jazz
kirk whalum,jazz
guru's jazzmatazz,jazz
gotan project,jazz
gota,hip hop
keiko matsui,hip hop
quantic,jazz
jimmy sommers,jazz
koop,jazz
typical cats,jazz
the black seeds,reggae
asheru and blue black of the unspoken heard,reggae
télépopmusik,hip hop
orbient,hip hop
sleepytime gorilla museum,rock
kurt elling,jazz
wayman tisdale,jazz
zero 7,hip hop
kankick,hip hop
la sonora matancera,pop
"orlando ""cachaíto"" lópez",pop
ronny jordan,pop
the dining rooms,pop
llorca,jazz
major boys,jazz
blue six,jazz
rjd2,jazz
jazzanova,jazz
hippiehaus,jazz
nils landgren,jazz
the cinematic orchestra,jazz
monte la rue,jazz
georg levin,jazz
xploding plastix,jazz
pain of salvation,metal
cæcilie norby,metal
minus 8,metal
jazzamor,metal
soulive,jazz
michael manson,jazz
tony allen,pop
sofa surfers,pop
large professor,hip hop
flunk,hip hop
louie austen,hip hop
sikth,hip hop
lizz wright,jazz
devin townsend band,metal
keith jarrett trio,jazz
stigmato inc,jazz
slow train soul,jazz
oi va voi,jazz
katie melua,jazz
between the buried and me,metal
backini,metal
soel,metal
son boricua,metal
lionel hampton,jazz
the cat empire,jazz
people under the stairs,jazz
nujabes,hip hop
richard bona,hip hop
the rh factor,jazz
tord gustavsen trio,jazz
chris botti,jazz
necrophagist,metal
jamie cullum,jazz
skalpel,jazz
blockhead,jazz
mark rae,jazz
quo vadis,metal
sporto kantès,metal
amp fiddler,metal
bunk johnson,jazz
renee olstead,jazz
the bad plus,pop
candiria,pop
brad mehldau trio,jazz
anthony wonsey trio,jazz
marcus johnson,jazz
eliane elias,jazz
kay starr,pop
susumu yokota,jazz
fennesz,jazz
emanon,jazz
karin krog,jazz
cantoma,electronica
ann hampton callaway,electronica
sunn 0))),metal
yonderboi,metal
fattburger,metal
robert glasper,jazz
streetwize,jazz
sola rosa,jazz
denis solee,jazz
fat freddy's drop,jazz
no blues,jazz
tito nieves,pop
brian simpson,pop
darondo,rnb
nils,pop
breakestra,rnb
chuck loeb,pop
the budos band,rnb
nostalgia 77,pop
wax tailor,pop
sara gazarek,jazz
nickodemus,jazz
euge groove,jazz
walter beasley,jazz
stéphane pompougnac,jazz
charlie haden,jazz
cyne,jazz
moka only,hip hop
visioneers,hip hop
nick colionne,hip hop
pink martini,pop
naoki kenji,pop
juliana aquino,pop
alif tree,pop
the faceless,metal
oli silk,metal
marc moulin,metal
jojo effect,metal
malene mortensen,metal
scott grooves,metal
radio citizen,metal
medeski scofield martin & wood,jazz
the bamboos,rnb
emancipator,jazz
lollo meier,jazz
pacha massive,jazz
the dear hunter,jazz
belleruche,jazz
ike quebec,jazz
nils landgren funk unit,rnb
dj jazzy jeff,hip hop
jay soto,hip hop
eric marienthal,hip hop
delicatessen,jazz
melody gardot,jazz
abbey lincoln,jazz
bob baldwin,jazz
the juju orchestra,jazz
gypsy swing revue,jazz
paul brown,jazz
jane monheit,jazz
saint privat,jazz
dj vadim,jazz
stacey kent,jazz
rodney hunter,jazz
candy dulfer,jazz
jackiem joyner,jazz
chinese man,jazz
waldeck,electronica
alfonso ponticelli,electronica
sinne eeg,jazz
have a nice life,pop
susie arioli,pop
ugly duckling,jazz
ethel waters,pop
esperanza spalding,jazz
club des belugas,jazz
paolo fresu,jazz
brenda boykin,jazz
nicola conte,jazz
origin,pop
montefiori cocktail,jazz
gramatik,jazz
caravan palace,jazz
carol welsman,jazz
nicole henry,jazz
eric darius,jazz
michael lington,jazz
gail jhonson,jazz
atlantic five jazz band,jazz
sophie milman,jazz
the rippingtons,jazz
parov stelar,pop
georgia anne muldrow,rnb
ancient astronauts,pop
devin townsend project,metal
vektor,metal
boozoo bajou,jazz
susan wong,jazz
zuco 103,jazz
goldfish,pop
lack of afro,rnb
darren rahn,pop
nekta,rock
benny berigan,rock
yppah,jazz
dirty honkers,jazz
caro emerald,jazz
christian scott atunde adjuah,jazz
shigeto,jazz
desmond cheese,jazz
kim waters,jazz
lord echo,rnb
paul motian,jazz
lyre le temps,jazz
nikki yanofsky,jazz
thank you scientist,blues
gretchen parlato,jazz
uneven structure,jazz
tesseract,jazz
second date,jazz
sound nomaden,jazz
kool&klean,jazz
ry cooder & v.m. bhatt,jazz
ibrahim maalouf,jazz
jehro,jazz
cindy bradley,jazz
adani & wolf,jazz
terrace martin,rnb
bebo best,jazz
crazy p,pop
eldissa,pop
proleter,pop
algorythmik,pop
fredrik kronkvist,pop
beyond creation,metal
11 acorn lane,metal
jazz spastiks,jazz
the shaolin afronauts,jazz
electronic swing orchestra,jazz
robert glasper experiment,jazz
vildhjarta,jazz
jonathan fritzén,jazz
moonchild,jazz
guts,jazz
diablo swing orchestra,metal
alice francis,metal
jeff loomis,metal
gregory porter,jazz
soen,metal
romare,metal
swing republic,metal
chill bump,metal
mr.b the gentleman rhymer,metal
peter appleyard,metal
dojo cuts,rnb
ne obliviscaris,pop
the 49ers,pop
cachao,pop
fort knox five,pop
jamie berry,pop
hiatus kaiyote,pop
haken,pop
intronaut,metal
polkadot cadaver,metal
the bahama soul club,metal
jordan rakei,rnb
deca,rock
snarky puppy,jazz
the procussions,jazz
the electric swing circus,jazz
parov stelar trio,jazz
joomanji,rnb
skeewiff,pop
jon kennedy,pop
jan lundgren trio,jazz
christian mcbride,jazz
scale the summit,jazz
jonathan kreisberg,jazz
alice russell,jazz
dj cam quartet,jazz
boogie belgique,jazz
swingrowers,jazz
dj harrison,jazz
slakah the beatchild,jazz
taylor mcferrin,jazz
badbadnotgood,jazz
sungazer,jazz
kandace springs,jazz
buttering trio,rock
anti-lilly & phoniks,rock
matthew halsall,jazz
damu the fudgemunk,jazz
shaun escoffery,rnb
leslie odom jr.,pop
toco,pop
mndsgn,jazz
william basinski,jazz
curtis stigers,jazz
horst jankowski and his studio orchestra,jazz
brian blade & the fellowship band,jazz
takuya kuroda,jazz
nubiyan twist,jazz
butcher brown,jazz
kalabrese,jazz
james tillman,jazz
zaz,jazz
native construct,jazz
leprous,metal
mocky,metal
the souljazz orchestra,jazz
caligula's horse,metal
novelists,metal
el gran combo de puerto rico,pop
villain park,pop
degiheugi,pop
abul mogard,jazz
buena vista social club,pop
the rosenberg trio,pop
kamasi washington,jazz
flofilz,jazz
dramadigs,jazz
sly5thave,jazz
hidden spheres,jazz
pete josef,jazz
smokey joe & the kid,jazz
car bomb,jazz
klischée,jazz
cafe jazz deluxe,jazz
maple syrup,jazz
suff daddy,jazz
don philippe,jazz
kadhja bonet,rnb
anomaly,pop
annella,pop
ivan ave,pop
bluntone,pop
joe corfield,pop
catherine russell,jazz
seamus blake,jazz
ezra collective,jazz
jaared,jazz
lando chill,jazz
roberto musci,jazz
leaf beach,jazz
awon,jazz
sudan archives,pop
yazmin lacey,jazz
kiefer,jazz
charlotte dos santos,jazz
steve kuhn,jazz
nai palm,jazz
nick hakim,rnb
leroyce,pop
disperse,pop
minthaze,pop
axian,pop
josé james,rnb
el michels affair,rnb
gabriel garzón-montano,pop
jon batiste,pop
terence blanchard,jazz
magnus lindgren,jazz
bill charlap trio,jazz
jitwam,pop
oofoe,pop
danny black,pop
chon,rock
alfa mist,jazz
rudemanners,jazz
children of zeus,hip hop
lester nowhere,pop
musicmusicmusic,pop
sons of kemet,jazz
august greene,jazz
melodiesinfonie,jazz
jazzotron,jazz
pisk,jazz
r+r=now,jazz
marion meadows,jazz
abstract orchestra,jazz
ardhito pramono,jazz
sam gendel,jazz
owane,jazz
tia ray,pop
wolfgang lohr,pop
deeb,pop
braxton cook,pop
riley richard,pop
masayoshi takanaka,pop
walt weiskopf,pop
nestor torres,pop
emapea,jazz
omaure,pop
dj grumble,pop
joey alexander,jazz
drwn.,jazz
ol' burger beats,jazz
digitalluc,jazz
john surman,jazz
klim,jazz
ajmw,jazz
oscar jerome,jazz
moose dawa,jazz
dirty loops,rnb
cyrille aimee,pop
nicki parrott,pop
juju rogers,pop
reel people,rnb
devaloop,jazz
mujo,jazz
ødyssee,jazz
henace,jazz
the comet is coming,jazz
potatohead people,rock
shafiq husayn,rnb
prince buster,pop
owen gray,pop
bob marley & the wailers,pop
eric morris,pop
don drummond,pop
the ethiopians,pop
the paragons,pop
john holt,pop
ken parker,pop
desmond dekker,pop
the gaylads,pop
alton ellis,pop
phyllis dillon,pop
the heptones,pop
the tennors,pop
tommy mccook,pop
the uniques,pop
joya landis,rock
peter tosh,reggae
ken boothe,reggae
justin hinds,pop
the hippy boys,pop
stranger cole,pop
glen adams,pop
the maytals,pop
the pioneers,pop
jimmy cliff,pop
"lee ""scratch"" perry",pop
rudy mills,pop
the upsetters,pop
derrick morgan,pop
derrick harriott,reggae
dennis brown,reggae
bob andy,reggae
marcia griffiths,reggae
jackie mittoo,reggae
the melodians,reggae
u-roy,jazz
the techniques,rnb
slim smith,reggae
big youth,reggae
leroy smart,reggae
horace andy,reggae
the wailers,reggae
toots & the maytals,pop
wailing souls,pop
augustus pablo,pop
clinton fearon,reggae
dillinger,hip hop
lee perry & the upsetters,reggae
the revolutionaries,reggae
burning spear,reggae
max romeo,reggae
the abyssinians,reggae
gregory isaacs,reggae
prince far i,reggae
linval thompson,reggae
third world,reggae
prince far 1,reggae
bunny wailer,reggae
king tubby,reggae
mighty diamonds,reggae
aswad,reggae
junior byles,reggae
justin hinds & the dominoes,pop
the congos,pop
junior murvin,pop
culture,pop
creation rebel,pop
tetrack,reggae
johnny clarke,reggae
linton kwesi johnson,reggae
hugh mundell,reggae
tradition,reggae
capital letters,reggae
mikey dread,reggae
steel pulse,reggae
black slate,reggae
ranking joe,reggae
black uhuru,reggae
ub40,reggae
sugar minott,reggae
toyan,reggae
israel vibration,reggae
the gladiators,reggae
jah shaka,reggae
yellowman,reggae
freddie mcgregor,reggae
papa san,reggae
don carlos,reggae
triston palma,reggae
bim sherman,reggae
eek-a-mouse,reggae
jimmy riley,reggae
dub syndicate,reggae
lone ranger,reggae
cornell campbell,reggae
wally warning,reggae
johnny osbourne,reggae
anthony johnson,pop
beenie man,reggae
new age steppers,reggae
the itals,reggae
ini kamoze,reggae
whispering lion,reggae
the viceroys,reggae
touré kunda,pop
reggae regular,pop
frankie paul,pop
little john,pop
shabba ranks,pop
sanchez,pop
sumo,pop
mad professor,reggae
maxi priest,reggae
half pint,reggae
thriller u,pop
admiral bailey,pop
ziggy marley & the melody makers,pop
junior reid,reggae
sly & robbie,reggae
cocoa tea,reggae
pinchers,reggae
pat kelly,reggae
tenor saw,reggae
macka b,reggae
j.c. lodge,reggae
ludwig von 88,reggae
alpha & omega,reggae
shinehead,reggae
the twinkle brothers,reggae
jah stitch,reggae
cultural roots,reggae
king general,reggae
kofi,rnb
pato banton,pop
the jamaicans,pop
ijahman levi,reggae
barrington levy,reggae
the bassies,reggae
rita marley,reggae
ziggy marley,reggae
sublime,reggae
roots radics,reggae
jacob miller,reggae
garnett silk,reggae
buju banton,reggae
super cat,reggae
big mountain,reggae
mutabaruka,reggae
wayne wonder,reggae
carlene davis,rock
têtes raides,rock
the grace thrillers,rock
patra,rock
eraserheads,rock
snow,hip hop
los cafres,rock
lady saw,rock
capleton,rock
christafari,religious
bounty killer,pop
herbs,pop
richie stephens,pop
beres hammond,reggae
ballyhoo,reggae
musical youth,reggae
michael franti & spearhead,reggae
g. love & special sauce,reggae
born jamericans,reggae
tony curtis,pop
mad lion,pop
julian marley,reggae
general levy,reggae
diana king,reggae
dave collins,pop
sammy dread,pop
scientist,pop
luciano,pop
morgan heritage,reggae
natural vibrations,reggae
cham,pop
slightly stoopid,pop
john brown's body,reggae
sizzla,reggae
heavy d,pop
tanya stephens,pop
indio i,religious
inner circle,reggae
majek fashek,reggae
alpha blondy,reggae
mr. vegas,reggae
glen washington,reggae
the ziggens,reggae
pitch black,reggae
los pericos,rock
too rude,rock
delroy wilson,rock
terry linen,pop
bushman,reggae
pablo moses,reggae
long beach dub allstars,pop
mishka,pop
ballyhoo!,pop
mikey spice,pop
wookiefoot,pop
seeed,pop
stitchie,pop
ky-mani marley,reggae
the expendables,reggae
everton blender,reggae
elephant man,reggae
junior kelly,reggae
damian marley,reggae
misty in roots,reggae
the radioactive sago project,rock
gentleman,reggae
warrior king,reggae
cultura profética,reggae
midnite,reggae
xavier rudd,reggae
tropical depression,rock
the beautiful girls,rock
nesian mystik,pop
soja,pop
errol dunkley,pop
pepper,pop
dezarie,reggae
jah cure,reggae
stephen marley,reggae
bargain music,reggae
groundation,reggae
parokya ni edgar,reggae
easy star all-stars,reggae
lloyd brown,reggae
unity pacific,reggae
the movement,reggae
skindred,metal
kora,jazz
badfish,jazz
holy piby,jazz
antidoping,reggae
fly my pretties,reggae
matisyahu,reggae
joe dukie & dj fitchie,reggae
long beach shortbus,reggae
judy mowatt,reggae
current swell,rock
hale,rock
mike pinto,rock
i wayne,rock
mad cobra,rock
steven & coconuttreez,rock
mattafix,rock
richie spice,rock
tribal seeds,reggae
fantan mojah,reggae
10 ft. ganja plant,reggae
bag of toys,reggae
iration,reggae
giant panda guerilla dub squad,reggae
tarrus riley,reggae
three legged fox,reggae
lutan fyah,reggae
simplified,reggae
brick & lace,reggae
la secta allstar,reggae
chadwick stokes,reggae
stick figure,reggae
jah roots,reggae
dread mar i,rock
diego roots,rock
stone senses,rock
busy signal,rock
rebelution,rock
tomorrows bad seeds,reggae
tami chynn,reggae
chuck fenda,reggae
passafire,reggae
toko tasi,reggae
mavado,reggae
ranking dread,reggae
duane stephenson,reggae
bitty mclean,reggae
pressure,reggae
collie buddz,reggae
mo kalamity,reggae
alaine,reggae
fidel nadal,rock
sdib,rock
natural incense,rock
aaron kamm and the one drops,rock
eddy grant,rock
alborosie,reggae
one drop,rock
cas haley,rock
demarco,pop
mungo's hi fi,pop
vybz kartel,pop
the supervillains,pop
dirty heads,pop
six60,pop
grin department,pop
r. city,pop
ali campbell,pop
hours eastly,pop
pacific dub,reggae
konshens,reggae
echo movement,reggae
michael prophet,reggae
part one tribe,reggae
bubaseta,reggae
chapter 11,reggae
flox,reggae
gentleman's dub club,reggae
sashamon,reggae
serani,reggae
audiodub,reggae
the holdup,reggae
gyptian,reggae
staylefish,reggae
seedless,reggae
the skints,reggae
barefoot truth,reggae
josh heinrichs,reggae
"nas & damian ""jr. gong"" marley",reggae
gappy ranks,reggae
the green,reggae
sig ragga,reggae
tessanne chin,reggae
etana,reggae
protoje,reggae
through the roots,reggae
sticky fingers,reggae
ease up,reggae
masicka,reggae
soul majestic,reggae
hollie cook,reggae
bumpin uglies,reggae
sublime with rome,reggae
spawnbreezie,reggae
kings and comrades,reggae
skillinjah,reggae
katastro,reggae
christopher martin,reggae
popcaan,reggae
planta e raiz,reggae
cali p,reggae
mike love,reggae
jermaine edwards,reggae
kevin downswell,reggae
tomorrow people,reggae
wheeland brothers,reggae
chronixx,reggae
ocean alley,reggae
hirie,reggae
fortunate youth,reggae
sons of zion,pop
safety orange,pop
snoop lion,pop
nahko and medicine for the people,pop
shrub,pop
marlon asher,pop
jon wayne and the pain,pop
kabaka pyramid,reggae
swiss,pop
jah sun,pop
jah9,pop
chezidek,reggae
kbong,reggae
bugle,reggae
boom boom vibration,reggae
resinated,reggae
babe rainbow,pop
aidonia,reggae
magic!,reggae
sol seed,reggae
katchafire,reggae
rambutan jam band,reggae
naâman,reggae
kameleba,rock
peach fur,rock
jesse royal,rock
mystic roots,rock
positive,hip hop
salmonella dub,hip hop
the late ones,hip hop
iya terra,reggae
unified highway,reggae
jahmiel,reggae
zona ganjah,reggae
kiko bun,reggae
new kingston,reggae
the expanders,reggae
raging fyah,reggae
tropidelic,reggae
vicente garcia,pop
pj sin suela,pop
skip marley,pop
the frightnrs,pop
the hip abduction,pop
skarra mucci,pop
tribal theory,pop
foresta,pop
soom t,pop
tessellated,pop
shag rock,pop
jada kingdom,pop
the elovaters,reggae
the bennies,reggae
three houses down,reggae
rorystonelove,reggae
tash sultana,reggae
chronic law,reggae
i-octane,reggae
greyhound,rnb
jo mersa marley,pop
young monks,pop
roots of creation,pop
govana,pop
shenseea,pop
sensi trails,pop
walshy fire,pop
ronnie self,rock
elvis presley,rock
gene vincent & his blue caps,rock
ray campi,rock
carl perkins,rock
the champs,rock
gene vincent,rock
marty wilde,rock
the big bopper,rock
the kingston trio,folk
peabo bryson,pop
wanda jackson,pop
the ventures,pop
the clash,pop
barbra streisand,pop
john lennon,rock
the beatles,rock
the kinks,rock
the rolling stones,rock
tom paxton,folk
system of a down,folk
phil ochs,folk
ian & sylvia,folk
the dubliners,folk
buffy sainte-marie,folk
the who,rock
jackson c. frank,folk
moving pictures,folk
the strangeloves,folk
the chambers brothers,folk
the blues magoos,rock
captain beefheart & his magic band,rock
grateful dead,pop
the doors,rock
pink floyd,rock
the incredible string band,folk
kaleidoscope,pop
sly & the family stone,rnb
the west coast pop art experimental band,pop
the velvet underground,rock
fleetwood mac,rock
creedence clearwater revival,rock
ultimate spinach,pop
bee gees,pop
wild cherry,pop
sweetwater,pop
shocking blue,pop
chicago,rock
led zeppelin,rock
david bowie,rock
norman greenbaum,rock
neil young,rock
elton john,rock
mavis staples,rnb
george harrison,pop
yusuf / cat stevens,pop
carpenters,pop
rodríguez,hip hop
paul mccartney,rock
black sabbath,rock
rod stewart,rock
billy joel,rock
funkadelic,rnb
stampeders,pop
genesis,rock
eagles,rock
james taylor,rock
lou reed,rock
walter egan,rock
jim croce,rock
john denver,folk
daryl hall & john oates,rock
jimmy buffett,rock
queen,rock
boris gardiner,rock
golden earring,rock
tom waits,rock
aerosmith,rock
diana ross,pop
rush,rock
the amboy dukes,rock
parliament,rnb
kiss,rock
supertramp,rock
styx,rock
journey,rock
bruce springsteen,pop
klaatu,rock
judas priest,rock
bob seger,rock
burton cummings,rock
ac/dc,rock
the alan parsons project,rock
ramones,punk
boston,rock
john sebastian,folk
the stills-young band,folk
foreigner,rock
scorpions,rock
iggy pop,rock
talking heads,pop
frank stallone,pop
sex pistols,pop
meat loaf,rock
dan hill,rock
prince,pop
rainbow,pop
the police,pop
ian gomm,pop
angela bofill,pop
toto,rock
999,rock
generation x,rock
england dan,pop
mother's finest,pop
black flag,punk
paul stanley,metal
ace frehley,metal
devo,pop
buzzcocks,pop
commodores,pop
van halen,rock
reo speedwagon,rock
jim morrison,rock
wreckless eric,rock
nicolette larson,rock
david gilmour,rock
henry paul band,rock
the flying lizards,pop
joy division,pop
rex smith,pop
motörhead,metal
the damned,punk
triumph,rock
randy vanwarmer,rock
madness,pop
raydio,pop
kc & the sunshine band,pop
angel witch,metal
ozzy osbourne,metal
girlschool,metal
airplay,metal
dead kennedys,punk
billy squier,rock
bauhaus,pop
u2,pop
the cure,pop
iron maiden,rock
robbie dupree,rock
michael schenker group,metal
mötley crüe,rock
air supply,rock
chilliwack,rock
depeche mode,pop
stevie nicks,pop
sad lovers & giants,pop
sammy hagar,rock
phil collins,rock
venom,metal
def leppard,rock
joan jett & the blackhearts,rock
marty balin,rock
gino vannelli,rock
the time,pop
manowar,metal
anvil,metal
amy grant,metal
dire straits,rock
split enz,rock
misfits,punk
vandenberg,punk
bad brains,punk
asia,rock
michael mcdonald,rock
christian death,rock
aldo nova,rock
survivor,rock
night ranger,rock
slayer,metal
quiet riot,metal
suicidal tendencies,metal
mercyful fate,metal
queensrÿche,metal
zebra,punk
mike oldfield,rock
dio,hip hop
john cafferty & the beaver brown band,pop
ministry,pop
lionel richie,pop
twisted sister,metal
accept,metal
james ingram,pop
metal church,metal
ratt,metal
the smiths,pop
timothy b. schmit,pop
tommy shaw,pop
los lobos,pop
dokken,rock
bon jovi,rock
steve perry,rock
christine mcvie,rock
kim mitchell,rock
red hot chili peppers,rnb
the hooters,pop
exodus,metal
gowan,metal
the pogues,punk
megadeth,metal
lion,pop
skinny puppy,pop
sting,pop
killing joke,pop
white lion,rock
marillion,rock
the cult,rock
anthrax,metal
kix,metal
shriekback,pop
stan bush,pop
the dead milkmen,punk
candlemass,metal
stryper,metal
king diamond,metal
tesla,rock
poison,rock
honeymoon suite,rock
cinderella,rock
yngwie malmsteen,metal
metallica,metal
beastie boys,hip hop
europe,rock
jonathan richman,folk
guns n' roses,rock
faster pussycat,rock
butthole surfers,rock
great white,rock
the whispers,pop
bill medley,pop
michael bolton,pop
testament,metal
the trashmen,metal
kingdom come,metal
britny fox,rock
rich mullins,religious
bulletboys,rock
david lee roth,rock
vinnie vincent invasion,rock
danzig,rock
winger,rock
don mclean,rock
helloween,metal
lita ford,metal
morrissey,pop
fugazi,pop
w.a.s.p.,metal
soundgarden,rock
slaughter,rock
sepultura,metal
bad english,metal
mark slaughter,metal
danger danger,metal
giant,pop
the stone roses,pop
skid row,metal
faith no more,rock
steven curtis chapman,religious
warrant,rock
nine inch nails,rock
thunder,rnb
primus,rnb
pantera,metal
michael w. smith,pop
temple of the dog,rock
alice in chains,rock
mother love bone,rock
jawbreaker,pop
keith green,pop
obituary,metal
johnny van zant,metal
firehouse,metal
extreme,metal
steve vai,metal
gwar,metal
nelson,country
nirvana,pop
corrosion of conformity,metal
eric burdon & the animals,rock
mr. bungle,rnb
cypress hill,hip hop
mr. big,hip hop
saxon,metal
pearl jam,metal
the blasters,rock
steelheart,rock
jackyl,rock
l7,pop
house of pain,hip hop
rage against the machine,hip hop
white zombie,metal
jon secada,metal
biohazard,metal
tool,rock
dream theater,metal
helmet,metal
damn yankees,rock
type o negative,metal
radiohead,rock
quicksand,pop
clutch,rock
melvins,metal
kmfdm,metal
terror fabulous,metal
porno for pyros,metal
the reverend horton heat,metal
karla bonoff,metal
marilyn manson,metal
ween,metal
korn,metal
oasis,pop
kyuss,rock
stabbing westward,metal
pulp,pop
prong,metal
down,metal
death,metal
deftones,metal
fear factory,metal
foo fighters,rock
monster magnet,rock
dc talk,religious
jars of clay,religious
mark knopfler,folk
screaming trees,rock
choking victim,punk
opeth,metal
gravity kills,metal
michael johnson,metal
sevendust,metal
machine head,metal
great big sea,rock
guster,pop
(hed) p.e.,hip hop
nick cave & the bad seeds,pop
the mighty mighty bosstones,punk
jerry cantrell,rock
dropkick murphys,punk
godsmack,metal
kid rock,metal
inoj,metal
everlast,metal
blind guardian,metal
rob zombie,metal
placebo,pop
orgy,metal
staind,metal
acid king,metal
static-x,metal
chevelle,metal
mushroomhead,metal
deadsy,metal
supergrass,rock
chris cornell,rock
limp bizkit,metal
american football,metal
powerman 5000,metal
muse,rock
ariel rivera,rock
mindless self indulgence,rock
sunny day real estate,pop
kittie,metal
bodyjar,metal
a perfect circle,metal
mudvayne,metal
cold,metal
primer 55,metal
at the drive in,rock
soulfly,metal
finger eleven,metal
fernando ortega,pop
bloodhound gang,rnb
nicole c. mullen,pop
twiztid,pop
the specials,pop
flaw,metal
tenacious d,metal
mogwai,rock
yndio,rock
david pomeranz,rock
x-ray spex,punk
papa m,pop
ill niño,metal
drowning pool,metal
the strokes,rock
saliva,hip hop
mercyme,religious
adema,metal
nickelback,metal
trapt,metal
theory of a deadman,metal
killswitch engage,metal
cky,metal
manic street preachers,pop
porcupine tree,rock
12 stones,religious
railroad earth,pop
ugly casanova,pop
stone sour,pop
audioslave,pop
hammerfall,metal
chester bennington,metal
the union underground,metal
eddie vedder,metal
seether,metal
skillet,religious
celldweller,metal
newsboys,religious
shinedown,metal
the sounds,metal
black label society,metal
the mars volta,rock
the rapture,rock
mark schultz,religious
electric six,punk
casting crowns,religious
phil oakey,pop
john frusciante,rock
franz ferdinand,rock
mud flow,rock
soil,metal
kings of leon,metal
kasabian,rock
tobymac,religious
the libertines,rock
crossfade,metal
emery,pop
velvet revolver,rock
the killers,rock
alter bridge,rock
pillar,religious
mastodon,metal
turbonegro,punk
kutless,religious
motion city soundtrack,punk
bright eyes,pop
thirteen senses,pop
10 years,pop
aaron shust,pop
rehab,pop
third day,pop
aqualung,pop
freddie mercury,pop
priestess,pop
arctic monkeys,pop
the kooks,rock
the sword,metal
evans blue,metal
red,hip hop
plumb,religious
buckcherry,rock
alexisonfire,metal
all that remains,metal
matthew west,religious
the bravery,rock
greensky bluegrass,pop
the maccabees,rock
twiddle,pop
the hives,rock
we are scientists,rock
bring me the horizon,metal
egypt central,jazz
the last shadow puppets,rock
the real mckenzies,punk
future islands,rock
the getaway plan,rock
jukebox the ghost,rock
blood red shoes,rock
tame impala,pop
david byrne,pop
laura story,pop
mother mother,pop
matt maher,pop
saving abel,pop
jeremy camp,pop
decyfer down,pop
the brobecks,rock
mumford & sons,pop
steel panther,metal
red fang,metal
mutemath,metal
crash kings,metal
bill callahan,folk
the gaslight anthem,punk
manchester orchestra,punk
the temper trap,rock
david crowder band,religious
washed out,pop
sidewalk prophets,pop
adelitas way,jazz
pop evil,metal
blackberry smoke,rock
we were promised jetpacks,rock
enjoy,rock
andrew peterson,pop
disciple,pop
broken bells,rock
you me at six,rock
audrey assad,pop
the letter black,pop
one ok rock,rock
neon indian,pop
civil twilight,rock
brandon flowers,rock
my darkest days,religious
chris tomlin,religious
the afters,religious
gungor,religious
foals,rock
ashes remain,religious
jamie grace,religious
jason gray,religious
puscifer,metal
gin wigmore,metal
unknown mortal orchestra,pop
blue stahli,pop
memphis may fire,pop
jacuzzi boys,rock
youth lagoon,pop
emphatic,pop
the airborne toxic event,pop
bayside,pop
we as human,religious
bobaflex,metal
imagine dragons,metal
"fear, and loathing in las vegas",metal
katy mcallister,metal
jake bugg,rock
thousand foot krutch,religious
alt-j,rock
the veer union,jazz
toe,hip hop
elle king,hip hop
the menzingers,punk
st. lucia,pop
nonpoint,metal
green river ordinance,rock
vacationer,rock
grizzly bear,pop
the walkmen,pop
mkto,pop
message to bears,pop
gavin rossdale,pop
wild nothing,pop
young guns,pop
fidlar,pop
modern baseball,pop
otherwise,pop
die antwoord,pop
rend collective,pop
for king & country,pop
nine lashes,jazz
passion,pop
small black,pop
current joys,pop
strfkr,rock
chvrches,pop
king krule,pop
wavves,rock
gentlemen hall,rock
bad suns,rock
demon hunter,religious
royal tailor,religious
connan mockasin,pop
melody's echo chamber,rock
night riots,rock
cass mccombs,pop
bastille,pop
vulfpeck,rnb
the growlers,rock
sin shake sin,blues
colony house,pop
amber run,pop
citizen way,religious
hellyeah,metal
lake street dive,pop
alvvays,pop
bedroom,pop
bear hands,pop
the walters,pop
lincoln brewster,pop
rac,pop
angel olsen,pop
starset,pop
the orwells,pop
inner wave,pop
lecrae,religious
crowder,pop
together pangea,pop
kari jobe,pop
ariel pink,pop
the war on drugs,rock
shane & shane,pop
surf curse,pop
marianas trench,pop
grizfolk,rock
like moths to flames,metal
sports,metal
natalie grant,pop
mild high club,pop
hunny,rock
moon taxi,rock
awolnation,rock
summer salt,pop
mat kearney,pop
the garden,rock
like a storm,jazz
hollyn,religious
jordan feliz,religious
red sun rising,rock
hawk nelson,religious
homeshake,rock
the mowgli's,rock
joywave,rock
no vacation,rock
moses gunn collective,pop
jonny diaz,religious
magic city hippies,rock
the revivalists,rock
highly suspect,rock
coleman hell,pop
frankie cosmos,pop
banners,pop
sundara karma,rock
the frights,rock
loving,rock
judah & the lion,rock
too close to touch,punk
snail mail,pop
we are messengers,pop
ra ra riot,pop
car seat headrest,pop
smile empty soul,pop
seafret,pop
morgan delt,pop
phil wickham,pop
brent cobb,pop
the struts,rock
grandson,rock
kid bloom,rock
weathers,rock
kaleo,rock
cemetery sun,rock
palace,rock
tenth avenue north,pop
lewis del mar,pop
hala,pop
two feet,pop
adam jensen,rock
he is we,pop
the score,pop
barns courtney,rock
magic giant,pop
lp,pop
nothing but thieves,rock
vhs collection,pop
dr. dog,pop
half•alive,pop
sleeping wolf,pop
matt maeson,pop
crumb,pop
swimming tapes,pop
temporex,rock
bryce fox,rock
cold war kids,rock
coin,pop
cub sport,pop
missio,rock
yungblud,rock
soccer mommy,rock
dreamers,rock
zayde wølf,rock
bishop briggs,rock
peach pit,rock
flor,country
josh wilson,religious
badflower,rock
wallows,rock
dominic fike,pop
i dont know how but they found me,rock
i am they,pop
the knocks,pop
jakob ogawa,pop
goth babe,pop
unspoken,pop
slenderbodies,rnb
big daddy weave,pop
circa waves,rock
still woozy,rock
twin shadow,pop
boogie down productions,hip hop
einstein,hip hop
the original squad,hip hop
asher d,hip hop
chris biscuit,hip hop
nice & smooth,hip hop
diamond & the psychotic neurotics,hip hop
lighter shade of brown,hip hop
kris kross,hip hop
frank t,pop
ghostface killah,hip hop
brand nubian,hip hop
mase,hip hop
dr. dre,hip hop
payo malo,hip hop
dj tomekk,hip hop
obie trice,hip hop
lovebug starski,hip hop
mood ruff,hip hop
chef ragoo,hip hop
slow pain,hip hop
mr. lil one,hip hop
lil cuete,hip hop
aceyalone,hip hop
krs-one,hip hop
hip-hop wieners,hip hop
lil rob,hip hop
sabotaje mexica,hip hop
l.e.g.a.c.y.,hip hop
spoonie gee,hip hop
j-kwon,hip hop
dany dan,hip hop
erick sermon,hip hop
neanderthal youth,hip hop
miri ben-ari,hip hop
hell razah,hip hop
heather b,hip hop
chico science,hip hop
canibus,hip hop
mic geronimo,hip hop
skool 77,hip hop
pastor troy,hip hop
slim thug,hip hop
sentino,hip hop
tormento,metal
mobb deep,hip hop
baby boy da prince,hip hop
zion i,hip hop
m.o.p.,hip hop
jht,hip hop
joell ortiz,hip hop
remy ma,pop
cormega,hip hop
tony yayo,hip hop
kurtis blow,hip hop
vanilla ice,hip hop
positive k,hip hop
seth gueko,hip hop
the sugarhill gang,hip hop
supaman,hip hop
grandmaster flash & the furious five,hip hop
roxanne shante,hip hop
tha alkaholiks,hip hop
trip lee,hip hop
j.j. fad,hip hop
grandmaster melle mel,hip hop
newcleus,pop
super sonic,pop
illvibe,pop
night shield,pop
classified,hip hop
loon,pop
kool moe dee,hip hop
special ed,hip hop
sen kumpa,hip hop
african underground,hip hop
shiffai,hip hop
wc,hip hop
hata proof records presents mr nava,hip hop
black moon,hip hop
83,hip hop
tyree cooper,hip hop
thundamentals,hip hop
oddisee,hip hop
smif-n-wessun,hip hop
dj laz,hip hop
don bigg,hip hop
diafrix,hip hop
diaz,pop
more,pop
n.w.a.,hip hop
epmd,hip hop
stezo,hip hop
cor veleno,hip hop
rob base,hip hop
pato pooh,hip hop
piotta,hip hop
tungtvann,hip hop
prop dylan,hip hop
ceschi,hip hop
dead prez,hip hop
mod sun,hip hop
lil b,hip hop
razastarr,hip hop
freeman,pop
trainspotters,pop
rza,hip hop
nje,hip hop
marc reis,hip hop
sweatshop union,hip hop
young mc,hip hop
baron samedi,hip hop
diamond d,pop
kool keith,hip hop
shyheim,pop
capone-n-noreaga,hip hop
proof,hip hop
turi,hip hop
heather victoria,hip hop
killah priest,hip hop
rayess bek,hip hop
abstract artform,hip hop
goin' through,pop
red cafe,pop
terror x crew,pop
apogonoi tou omirou,pop
to paidi thavma,pop
dj nel'assassin,pop
ali & gipp,hip hop
a filial,hip hop
shi 360,hip hop
trae tha truth,hip hop
lex luthorz,hip hop
jacki-o,hip hop
hiphop tamizha,hip hop
afu-ra,hip hop
reks,hip hop
a$ap mob,hip hop
xzibit,hip hop
hopsin,hip hop
a.k.r.a.,hip hop
eisvoleas,hip hop
zontanoi nekroi,hip hop
sektion kuchikäschtli,rock
dolla,hip hop
dawn richard,pop
bleubird,pop
nate millyunz,pop
todd terry,pop
abstract rude,hip hop
kxng crooked,hip hop
mime 871,hip hop
joe budden,hip hop
doug e. fresh,hip hop
nine,hip hop
dimples d.,hip hop
anirudh ravichander,hip hop
junior m.a.f.i.a.,hip hop
tuff crew,hip hop
kalash,hip hop
restiform bodies,hip hop
no mercy,pop
onyx,hip hop
radioinactive,hip hop
zulú hip hop jam,hip hop
armand hammer,hip hop
kwest tha madd lad,hip hop
styles p,hip hop
statik selektah,hip hop
goldlink,hip hop
abhi the nomad,hip hop
the cross movement,hip hop
freeway,hip hop
aspects,hip hop
corleone,hip hop
blackface,hip hop
the beatnuts,hip hop
blahzay blahzay,hip hop
lords of the underground,hip hop
r.a. the rugged man,hip hop
primo,pop
homeboy sandman,hip hop
chris webby,hip hop
nick wiz,hip hop
billy woods,pop
public enemy,hip hop
d.o.c.,hip hop
3rd bass,hip hop
jeru the damaja,hip hop
master p,hip hop
504 boyz,hip hop
necro,pop
eyedea,hip hop
eric b. & rakim,hip hop
da youngsta's,hip hop
clemens,hip hop
del the funky homosapien,hip hop
ice-t,hip hop
ndee naldinho,hip hop
o.g.c.,hip hop
grand puba,hip hop
j-live,hip hop
evil ebenezer,hip hop
t-rock,hip hop
rahn harper,hip hop
nate dogg,hip hop
fredo,hip hop
fumez the engineer,hip hop
mf doom,hip hop
yung lean,hip hop
murs,pop
derek b,pop
jacques of s't'a,pop
buczer,pop
keith sweat,pop
boosie badazz,hip hop
k kutta,hip hop
nnamdi ogbonnaya,hip hop
quebonafide,hip hop
the lox,hip hop
black rob,hip hop
leaders of the new school,hip hop
talib kweli,hip hop
big daddy kane,hip hop
lupe fiasco,hip hop
d4l,hip hop
paul wall,hip hop
8ball & mjg,hip hop
boyz n da hood,hip hop
malik turner,hip hop
pro,hip hop
jt money,hip hop
sleeq,hip hop
st,hip hop
audio two,hip hop
artifacts,hip hop
terror squad,hip hop
biz markie,hip hop
shyne,hip hop
dead obies,hip hop
the treacherous three,hip hop
desiigner,hip hop
smokepurpp,hip hop
killy,hip hop
vince staples,hip hop
boogie,hip hop
dreezy,pop
jaden,pop
lil baby,hip hop
d.ace,hip hop
jazz cartier,hip hop
gza,hip hop
big kuntry king,hip hop
wifisfuneral,hip hop
vendetta beats,hip hop
shonlock,religious
reo cragun,hip hop
trillville,hip hop
group home,hip hop
chxpo,hip hop
v.i.c.,hip hop
8ball,hip hop
rapsody,hip hop
the roots,hip hop
pusha t,hip hop
hustle gang,hip hop
ebenezer,hip hop
moneybagg yo,hip hop
6lack,hip hop
showbiz & a.g.,hip hop
smino,hip hop
kelly rowland,pop
nappy roots,hip hop
kirko bangz,hip hop
hazhe,hip hop
young dro,hip hop
waka flocka flame,hip hop
curren$y,hip hop
vandal,punk
grandmaster flash,hip hop
ultramagnetic mc's,hip hop
black$tar,hip hop
big boi,hip hop
kid frost,hip hop
shawnna,hip hop
q-tip,hip hop
c-murder,hip hop
arrested development,hip hop
sheck wes,hip hop
shah rule,hip hop
ras kass,hip hop
black sheep,hip hop
ms. jade,hip hop
dave east,hip hop
dilated peoples,hip hop
channel live,hip hop
memphis bleek,hip hop
das efx,hip hop
blackalicious,hip hop
akinyele,hip hop
schoolly d,hip hop
tone-loc,hip hop
mc hammer,pop
fu-schnickens,hip hop
mos def,hip hop
da lench mob,hip hop
funkdoobiest,hip hop
kool g rap,hip hop
denzel curry,hip hop
poor righteous teachers,hip hop
oscar lee,hip hop
ace hood,hip hop
flipmode squad,hip hop
digga d,hip hop
rakim,hip hop
prodigy,hip hop
rob base & dj ez rock,hip hop
afroman,hip hop
will smith,pop
run–d.m.c.,hip hop
delinquent habits,hip hop
big k.r.i.t.,hip hop
b.o.b,hip hop
jaydayoungan,hip hop
eazy-e,hip hop
clipse,hip hop
dj muggs,hip hop
cassidy,pop
